[{"0.1": 0}, {"0.2": 0}, {"0.3": 0.1}, {"0.4": 0.1}, {"0.5": 0.1}, {"0.6": 0.1}, {"0.7": 0.1}, {"0.8": 0.1}, {"0.9": 0.1}, {"1": 0.1}, {"1.1": 0.2}, {"1.2": 0.2}, {"1.3": 0.4}, {"1.4": 0.6}, {"1.5": 1.3}, {"1.6": 2.4}, {"1.7": 3.3}, {"1.8": 3.9}, {"1.9": 4.1}, {"2": 1.8}, {"2.1": 0.3}, {"2.2": 0.1}, {"2.3": 0.1}, {"2.4": 0.1}, {"2.5": 0.1}, {"2.6": 0.9}, {"2.7": 2.2}, {"2.8": 3.6}, {"2.9": 4.4}, {"3": 5}, {"3.1": 5.7}, {"3.2": 6.1}, {"3.3": 6.7}, {"3.4": 6.6}, {"3.5": 2.4}, {"3.6": 0.5}, {"3.7": 0.1}, {"3.8": 0}, {"3.9": 0}, {"4": 0.1}, {"4.1": 0.1}, {"4.2": 0}, {"4.3": 0}, {"4.4": 0}, {"4.5": 0}, {"4.6": 0}, {"4.7": 0}, {"4.8": 0.3}, {"4.9": 1.4}, {"5": 2.5}, {"5.1": 3.4}, {"5.2": 4.2}, {"5.3": 4.9}, {"5.4": 5.6}, {"5.5": 6.4}, {"5.6": 7.1}, {"5.7": 7.4}, {"5.8": 7.6}, {"5.9": 7.1}, {"6": 4.1}, {"6.1": 0.6}, {"6.2": 0.1}, {"6.3": 0}, {"6.4": 0}, {"6.5": 0}, {"6.6": 0.1}, {"6.7": 0.1}, {"6.8": 0.1}, {"6.9": 0.1}, {"7": 0.2}, {"7.1": 0.2}, {"7.2": 0.2}, {"7.3": 0.1}, {"7.4": 0.1}, {"7.5": 0}, {"7.6": 0}, {"7.7": 0}, {"7.8": 0.2}, {"7.9": 1.2}, {"8": 1.9}, {"8.1": 2.7}, {"8.2": 3.5}, {"8.3": 3.8}, {"8.4": 4.7}, {"8.5": 5.3}, {"8.6": 6.1}, {"8.7": 7}, {"8.8": 7.7}, {"8.9": 7.8}, {"9": 8.2}, {"9.1": 8.5}, {"9.2": 8.7}, {"9.3": 8.4}, {"9.4": 4.3}, {"9.5": 0.6}, {"9.6": 0.2}, {"9.7": 0.1}, {"9.8": 0.1}, {"9.9": 0.1}, {"10": 0.1}]