[{"0": 0}, {"0.1": 0}, {"0.2": 0.04}, {"0.3": 0}, {"0.4": 0.02}, {"0.5": 0.01}, {"0.6": 0.03}, {"0.7": 0.09}, {"0.8": 0.21}, {"0.9": 0.38}, {"1": 0.54}, {"1.1": 0.84}, {"1.2": 1.28}, {"1.3": 1.77}, {"1.4": 2.21}, {"1.5": 2.77}, {"1.6": 3.38}, {"1.7": 4.23}, {"1.8": 4.81}, {"1.9": 5.37}, {"2": 5.76}, {"2.1": 6.26}, {"2.2": 7.09}, {"2.3": 7.32}, {"2.4": 7.64}, {"2.5": 7.92}, {"2.6": 8.14}, {"2.7": 8.17}, {"2.8": 8.06}, {"2.9": 7.44}, {"3": 5.59}, {"3.1": 4.07}, {"3.2": 3.36}, {"3.3": 3.07}, {"3.4": 2.85}, {"3.5": 2.81}, {"3.6": 2.68}, {"3.7": 2.12}, {"3.8": 1.34}, {"3.9": 1.95}, {"4": 3.69}, {"4.1": 5.4}, {"4.2": 6.41}, {"4.3": 6.96}, {"4.4": 7.53}, {"4.5": 8.31}, {"4.6": 9.02}, {"4.7": 8.82}, {"4.8": 6.25}, {"4.9": 3.76}, {"5": 2.93}, {"5.1": 2.73}, {"5.2": 2.75}]