[{"0.1": 0}, {"0.2": 0}, {"0.3": 0}, {"0.4": 0}, {"0.5": 0.1}, {"0.6": 0.1}, {"0.7": 0.1}, {"0.8": 0}, {"0.9": 0}, {"1": 0}, {"1.1": 0}, {"1.2": 0.1}, {"1.3": 0}, {"1.4": 0}, {"1.5": 0.6}, {"1.6": 1.4}, {"1.7": 2.4}, {"1.8": 2.9}, {"1.9": 3.1}, {"2": 3.8}, {"2.1": 4.5}, {"2.2": 5.3}, {"2.3": 6.1}, {"2.4": 6.8}, {"2.5": 6.8}, {"2.6": 6.9}, {"2.7": 7.5}, {"2.8": 8.2}, {"2.9": 9.1}, {"3": 9.3}, {"3.1": 9.4}, {"3.2": 8.4}, {"3.3": 6.8}, {"3.4": 5.6}, {"3.5": 3.6}, {"3.6": 2.4}, {"3.7": 2}, {"3.8": 1.3}, {"3.9": 0.8}, {"4": 0.7}, {"4.1": 0.7}, {"4.2": 0.5}, {"4.3": 0.4}, {"4.4": 0.3}, {"4.5": 0.1}, {"4.6": 0}, {"4.7": 0}, {"4.8": 0}, {"4.9": 0}, {"5": 0}, {"5.1": 0}, {"5.2": 0}, {"5.3": 0}, {"5.4": 0}, {"5.5": 0}, {"5.6": 0}, {"5.7": 0.1}, {"5.8": 0.5}, {"5.9": 0.9}, {"6": 1.2}, {"6.1": 1.7}, {"6.2": 2.2}, {"6.3": 2.7}, {"6.4": 3.5}, {"6.5": 4.2}, {"6.6": 4.8}, {"6.7": 5.3}, {"6.8": 5.4}, {"6.9": 4.9}, {"7": 4.1}, {"7.1": 3.1}, {"7.2": 1.2}, {"7.3": 0.4}, {"7.4": 0.2}, {"7.5": 0.1}, {"7.6": 0}, {"7.7": 0}, {"7.8": 0}, {"7.9": 0}, {"8": 0}, {"8.1": 0}, {"8.2": 0}, {"8.3": 0}, {"8.4": 0}, {"8.5": 0}, {"8.6": 0}, {"8.7": 0}, {"8.8": 0}, {"8.9": 0}, {"9": 0}, {"9.1": 0}, {"9.2": 0}, {"9.3": 0}, {"9.4": 0}, {"9.5": 0}, {"9.6": 0}, {"9.7": 0}, {"9.8": 0}, {"9.9": 0}, {"10": 0}, {"10.1": 0}, {"10.2": 0}, {"10.3": 0}, {"10.4": 0}, {"10.5": 0}, {"10.6": 0}, {"10.7": 0}, {"10.8": 0}, {"10.9": 0}, {"11": 0.2}, {"11.1": 0.6}, {"11.2": 1}, {"11.3": 1.4}, {"11.4": 1.9}, {"11.5": 2.6}, {"11.6": 3.3}, {"11.7": 4}, {"11.8": 4}, {"11.9": 4.3}, {"12": 5.3}, {"12.1": 6.2}, {"12.2": 6.6}, {"12.3": 6.9}, {"12.4": 7.1}, {"12.5": 7.1}, {"12.6": 7}, {"12.7": 7.1}, {"12.8": 7.2}, {"12.9": 7.1}, {"13": 7.2}, {"13.1": 7.2}, {"13.2": 7.5}, {"13.3": 7.8}, {"13.4": 6}, {"13.5": 2}, {"13.6": 0.3}, {"13.7": 0.1}, {"13.8": 0}, {"13.9": 0}, {"14": 0}, {"14.1": 0}, {"14.2": 0}, {"14.3": 0}, {"14.4": 0}, {"14.5": 1.1}, {"14.6": 2.2}, {"14.7": 3.4}, {"14.8": 3.9}, {"14.9": 5.1}, {"15": 5.7}, {"15.1": 6.3}, {"15.2": 7.1}, {"15.3": 7.3}, {"15.4": 7.8}, {"15.5": 8.2}, {"15.6": 8.1}, {"15.7": 7.5}, {"15.8": 7.6}, {"15.9": 7.8}, {"16": 8.5}, {"16.1": 8.2}, {"16.2": 7.5}, {"16.3": 4.1}, {"16.4": 2.3}, {"16.5": 1.7}, {"16.6": 1.1}, {"16.7": 0.8}, {"16.8": 0.6}, {"16.9": 0.5}, {"17": 0.4}, {"17.1": 0.2}, {"17.2": 0.1}, {"17.3": 0.1}, {"17.4": 0}, {"17.5": 0}, {"17.6": 0}, {"17.7": 0}, {"17.8": 0}, {"17.9": 0}, {"18": 0}, {"18.1": 0.1}, {"18.2": 0.1}, {"18.3": 0}, {"18.4": 0.1}, {"18.5": 0}, {"18.6": 0}, {"18.7": 0}, {"18.8": 0}, {"18.9": 0.1}, {"19": 0.2}, {"19.1": 0.4}, {"19.2": 0.9}, {"19.3": 1.3}, {"19.4": 1.6}, {"19.5": 1.7}, {"19.6": 0.8}, {"19.7": 0.2}, {"19.8": 0}, {"19.9": 0}, {"20": 0}, {"20.1": 0}, {"20.2": 0}, {"20.3": 0}, {"20.4": 0}, {"20.5": 0}, {"20.6": 0}, {"20.7": 0.1}, {"20.8": 0.1}, {"20.9": 0.1}, {"21": 0.1}, {"21.1": 0.1}, {"21.2": 0.1}, {"21.3": 0.1}, {"21.4": 0.1}, {"21.5": 0.3}, {"21.6": 0.6}, {"21.7": 1}, {"21.8": 1.3}, {"21.9": 1.6}, {"22": 2.2}, {"22.1": 2.9}, {"22.2": 3.7}, {"22.3": 4.5}, {"22.4": 5.3}, {"22.5": 5.5}, {"22.6": 6.5}, {"22.7": 7.4}, {"22.8": 7.1}, {"22.9": 7.3}, {"23": 8.1}, {"23.1": 8.1}, {"23.2": 8}, {"23.3": 8.9}, {"23.4": 9.9}, {"23.5": 8.2}, {"23.6": 5.3}, {"23.7": 2.9}, {"23.8": 1.7}, {"23.9": 1.3}, {"24": 0.9}, {"24.1": 0.7}, {"24.2": 0.4}, {"24.3": 0.2}, {"24.4": 0.2}, {"24.5": 0.1}, {"24.6": 0.1}, {"24.7": 0.1}, {"24.8": 0.1}, {"24.9": 0.1}, {"25": 0.1}, {"25.1": 0.1}, {"25.2": 0.1}, {"25.3": 0}, {"25.4": 0}, {"25.5": 0.1}, {"25.6": 0.1}, {"25.7": 0.1}, {"25.8": 0.2}, {"25.9": 0.1}, {"26": 0.1}, {"26.1": 0}, {"26.2": 0}, {"26.3": 0}, {"26.4": 0}, {"26.5": 0}, {"26.6": 0}, {"26.7": 0}, {"26.8": 0}, {"26.9": 0}, {"27": 0}, {"27.1": 0}, {"27.2": 0}, {"27.3": 0}, {"27.4": 0}, {"27.5": 0}, {"27.6": 0}, {"27.7": 0}, {"27.8": 0}, {"27.9": 0}, {"28": 0}, {"28.1": 0}]