{
  "userId": "alexscott@tendonloader.com",
  "painScore": "5.0",
  "timeStamp": { "seconds": "1630433224" , "nanoseconds": "18288000" },
  "isTolerable": "Yes",
  "isComplate": "true",
  "progressorId": "Progressor_3773",
  "mvcValue": "9.3",
  "exportData": [
    { "0.1": "0.03" },
    { "0.2": "0.18" },
    { "0.3": "0.47" },
    { "0.4": "0.88" },
    { "0.5": "1.22" },
    { "0.6": "1.5" },
    { "0.7": "1.72" },
    { "0.8": "1.85" },
    { "0.9": "2.04" },
    { "1.0": "2.16" },
    { "1.1": "2.26" },
    { "1.2": "2.31" },
    { "1.3": "2.48" },
    { "1.4": "2.74" },
    { "1.5": "2.96" },
    { "1.6": "3.2" },
    { "1.7": "3.42" },
    { "1.8": "3.7" },
    { "1.9": "3.98" },
    { "2.0": "4.24" },
    { "2.1": "4.37" },
    { "2.2": "4.58" },
    { "2.3": "4.92" },
    { "2.4": "5.13" },
    { "2.5": "5.34" },
    { "2.6": "5.47" },
    { "2.7": "5.8" },
    { "2.8": "6.07" },
    { "2.9": "6.32" },
    { "3.0": "6.59" },
    { "3.1": "6.85" },
    { "3.2": "7.23" },
    { "3.3": "7.45" },
    { "3.4": "7.73" },
    { "3.5": "7.94" },
    { "3.6": "8.12" },
    { "3.7": "8.22" },
    { "3.8": "8.34" },
    { "3.9": "8.47" },
    { "4.0": "8.67" },
    { "4.1": "8.95" },
    { "4.2": "9.02" },
    { "4.3": "9.3" },
    { "4.4": "8.9" },
    { "4.5": "8.83" },
    { "4.6": "8.67" },
    { "4.7": "6.12" },
    { "4.8": "2.74" },
    { "4.9": "0.69" },
    { "5.0": "0.07" },
    { "5.1": "0.03" },
    { "5.2": "0.01" }
  ]
}
