{
  "userId": "kohlemerry@tendonloader.com",
  "painScore": "0.0",
  "timeStamp": { "seconds": "1627064086" , "nanoseconds": "266285000" },
  "isTolerable": "---",
  "isComplate": "true",
  "progressorId": "Progressor_3773",
  "mvcValue": "11.1",
  "exportData": [
    { "0.1": "0.2" },
    { "0.2": "0.4" },
    { "0.3": "0.7" },
    { "0.4": "1.4" },
    { "0.5": "2.0" },
    { "0.6": "2.5" },
    { "0.7": "2.9" },
    { "0.8": "3.2" },
    { "0.9": "3.6" },
    { "1.0": "3.3" },
    { "1.1": "1.0" },
    { "1.2": "0.3" },
    { "1.3": "0.1" },
    { "1.4": "0.1" },
    { "1.5": "0.1" },
    { "1.6": "0.6" },
    { "1.7": "1.1" },
    { "1.8": "2.0" },
    { "1.9": "3.2" },
    { "2.0": "4.0" },
    { "2.1": "4.8" },
    { "2.2": "5.5" },
    { "2.3": "6.0" },
    { "2.4": "6.4" },
    { "2.5": "6.7" },
    { "2.6": "6.8" },
    { "2.7": "5.4" },
    { "2.8": "0.9" },
    { "2.9": "0.1" },
    { "3.0": "0.1" },
    { "3.1": "0.2" },
    { "3.2": "0.1" },
    { "3.3": "0.1" },
    { "3.4": "0.0" },
    { "3.5": "0.0" },
    { "3.6": "0.1" },
    { "3.7": "0.2" },
    { "3.8": "0.9" },
    { "3.9": "2.2" },
    { "4.0": "3.4" },
    { "4.1": "4.4" },
    { "4.2": "5.1" },
    { "4.3": "5.2" },
    { "4.4": "5.1" },
    { "4.5": "5.1" },
    { "4.6": "5.8" },
    { "4.7": "6.8" },
    { "4.8": "7.6" },
    { "4.9": "8.0" },
    { "5.0": "8.4" },
    { "5.1": "8.3" },
    { "5.2": "6.4" },
    { "5.3": "1.3" },
    { "5.4": "0.2" },
    { "5.5": "0.1" },
    { "5.6": "0.1" },
    { "5.7": "0.1" },
    { "5.8": "0.1" },
    { "5.9": "0.1" },
    { "6.0": "0.1" },
    { "6.1": "0.2" },
    { "6.2": "0.3" },
    { "6.3": "0.4" },
    { "6.4": "0.7" },
    { "6.5": "1.0" },
    { "6.6": "1.4" },
    { "6.7": "2.5" },
    { "6.8": "3.9" },
    { "6.9": "4.9" },
    { "7.0": "5.6" },
    { "7.1": "6.1" },
    { "7.2": "6.8" },
    { "7.3": "7.5" },
    { "7.4": "8.3" },
    { "7.5": "9.4" },
    { "7.6": "10.3" },
    { "7.7": "10.8" },
    { "7.8": "11.1" },
    { "7.9": "10.2" },
    { "8.0": "4.6" },
    { "8.1": "0.7" },
    { "8.2": "0.1" },
    { "8.3": "0.0" },
    { "8.4": "0.0" },
    { "8.5": "0.0" },
    { "8.6": "0.1" },
    { "8.7": "0.1" },
    { "8.8": "0.1" },
    { "8.9": "0.1" },
    { "9.0": "0.1" },
    { "9.1": "0.1" },
    { "9.2": "0.1" },
    { "9.3": "0.1" },
    { "9.4": "0.1" },
    { "9.5": "0.0" },
    { "9.6": "0.0" },
    { "9.7": "0.1" },
    { "9.8": "0.1" },
    { "9.9": "0.1" },
    { "10.0": "0.1" }
  ]
}
