{
  "userId": "kohlemerry@tendonloader.com",
  "painScore": "0.0",
  "timeStamp": { "seconds": "1627064584" , "nanoseconds": "520349000" },
  "isTolerable": "---",
  "isComplate": "true",
  "progressorId": "Progressor_3773",
  "prescription": {
    "sets": "2",
    "reps": "3",
    "setRest": "15",
    "holdTime": "5",
    "restTime": "5",
    "targetLoad": "5.0",
    "mvcDuration": "0",
    "isAdmin": "null"
  },
  "exportData": [
    { "0.1": "0.2" },
    { "0.2": "0.2" },
    { "0.3": "0.3" },
    { "0.4": "0.4" },
    { "0.5": "0.6" },
    { "0.6": "0.8" },
    { "0.7": "0.8" },
    { "0.8": "1.0" },
    { "0.9": "1.5" },
    { "1.0": "2.0" },
    { "1.1": "2.6" },
    { "1.2": "2.9" },
    { "1.3": "3.1" },
    { "1.4": "3.5" },
    { "1.5": "3.7" },
    { "1.6": "3.9" },
    { "1.7": "4.0" },
    { "1.8": "4.2" },
    { "1.9": "4.6" },
    { "2.0": "4.8" },
    { "2.1": "5.1" },
    { "2.2": "5.1" },
    { "2.3": "5.2" },
    { "2.4": "5.4" },
    { "2.5": "5.4" },
    { "2.6": "5.3" },
    { "2.7": "5.3" },
    { "2.8": "5.3" },
    { "2.9": "5.2" },
    { "3.0": "5.1" },
    { "3.1": "5.1" },
    { "3.2": "5.1" },
    { "3.3": "5.1" },
    { "3.4": "5.1" },
    { "3.5": "5.0" },
    { "3.6": "5.0" },
    { "3.7": "5.0" },
    { "3.8": "4.9" },
    { "3.9": "4.9" },
    { "4.0": "4.8" },
    { "4.1": "4.8" },
    { "4.2": "4.7" },
    { "4.3": "4.8" },
    { "4.4": "4.8" },
    { "4.5": "4.8" },
    { "4.6": "4.7" },
    { "4.7": "5.0" },
    { "4.8": "5.9" },
    { "4.9": "6.2" },
    { "5.0": "6.2" },
    { "5.1": "6.0" },
    { "5.2": "5.6" },
    { "5.3": "4.7" },
    { "5.4": "1.5" },
    { "5.5": "0.3" },
    { "5.6": "0.1" },
    { "5.7": "0.1" },
    { "5.8": "0.0" },
    { "5.9": "0.1" },
    { "6.0": "0.1" },
    { "6.1": "0.1" },
    { "6.2": "0.1" },
    { "6.3": "0.1" },
    { "6.4": "0.1" },
    { "6.5": "0.1" },
    { "6.6": "0.1" },
    { "6.7": "0.1" },
    { "6.8": "0.1" },
    { "6.9": "0.1" },
    { "7.0": "0.0" },
    { "7.1": "0.0" },
    { "7.2": "0.1" },
    { "7.3": "0.0" },
    { "7.4": "0.1" },
    { "7.5": "0.1" },
    { "7.6": "0.0" },
    { "7.7": "0.1" },
    { "7.8": "0.1" },
    { "7.9": "0.1" },
    { "8.0": "0.1" },
    { "8.1": "0.1" },
    { "8.2": "0.1" },
    { "8.3": "0.1" },
    { "8.4": "0.1" },
    { "8.5": "0.1" },
    { "8.6": "0.1" },
    { "8.7": "0.0" },
    { "8.8": "0.0" },
    { "8.9": "0.1" },
    { "9.0": "0.1" },
    { "9.1": "0.1" },
    { "9.2": "0.1" },
    { "9.3": "0.1" },
    { "9.4": "0.1" },
    { "9.5": "0.0" },
    { "9.6": "0.1" },
    { "9.7": "0.1" },
    { "9.8": "0.1" },
    { "9.9": "0.1" },
    { "10.0": "0.0" },
    { "10.1": "0.0" },
    { "10.2": "0.0" },
    { "10.3": "0.1" },
    { "10.4": "0.1" },
    { "10.5": "0.0" },
    { "10.6": "0.1" },
    { "10.7": "0.1" },
    { "10.8": "0.2" },
    { "10.9": "0.2" },
    { "11.0": "0.1" },
    { "11.1": "0.1" },
    { "11.2": "0.0" },
    { "11.3": "0.1" },
    { "11.4": "0.0" },
    { "11.5": "0.1" },
    { "11.6": "0.1" },
    { "11.7": "0.0" },
    { "11.8": "0.1" },
    { "11.9": "0.1" },
    { "12.0": "0.0" },
    { "12.1": "0.1" },
    { "12.2": "0.0" },
    { "12.3": "0.0" },
    { "12.4": "0.0" },
    { "12.5": "0.1" },
    { "12.6": "0.7" },
    { "12.7": "2.1" },
    { "12.8": "3.4" },
    { "12.9": "4.4" },
    { "13.0": "5.0" },
    { "13.1": "5.1" },
    { "13.2": "5.4" },
    { "13.3": "5.7" },
    { "13.4": "6.1" },
    { "13.5": "6.4" },
    { "13.6": "6.3" },
    { "13.7": "6.1" },
    { "13.8": "6.0" },
    { "13.9": "6.1" },
    { "14.0": "5.9" },
    { "14.1": "5.8" },
    { "14.2": "6.0" },
    { "14.3": "6.0" },
    { "14.4": "6.1" },
    { "14.5": "6.1" },
    { "14.6": "5.9" },
    { "14.7": "5.8" },
    { "14.8": "6.2" },
    { "14.9": "6.8" },
    { "15.0": "6.5" },
    { "15.1": "6.3" },
    { "15.2": "6.4" },
    { "15.3": "6.2" },
    { "15.4": "5.7" },
    { "15.5": "5.7" },
    { "15.6": "6.1" },
    { "15.7": "6.4" },
    { "15.8": "6.5" },
    { "15.9": "6.5" },
    { "16.0": "6.6" },
    { "16.1": "6.5" },
    { "16.2": "6.4" },
    { "16.3": "6.2" },
    { "16.4": "6.3" },
    { "16.5": "6.4" },
    { "16.6": "6.4" },
    { "16.7": "6.5" },
    { "16.8": "6.5" },
    { "16.9": "6.4" },
    { "17.0": "6.4" },
    { "17.1": "6.3" },
    { "17.2": "6.2" },
    { "17.3": "6.1" },
    { "17.4": "6.2" },
    { "17.5": "6.3" },
    { "17.6": "5.2" },
    { "17.7": "3.7" },
    { "17.8": "3.8" },
    { "17.9": "3.7" },
    { "18.0": "2.8" },
    { "18.1": "1.1" },
    { "18.2": "0.6" },
    { "18.3": "0.4" },
    { "18.4": "0.2" },
    { "18.5": "0.1" },
    { "18.6": "0.1" },
    { "18.7": "0.1" },
    { "18.8": "0.1" },
    { "18.9": "0.1" },
    { "19.0": "0.0" },
    { "19.1": "0.1" },
    { "19.2": "0.1" },
    { "19.3": "0.1" },
    { "19.4": "0.1" },
    { "19.5": "0.1" },
    { "19.6": "0.1" },
    { "19.7": "0.1" },
    { "19.8": "0.1" },
    { "19.9": "0.1" },
    { "20.0": "0.1" },
    { "20.1": "0.1" },
    { "20.2": "0.1" },
    { "20.3": "0.1" },
    { "20.4": "0.1" },
    { "20.5": "0.1" },
    { "20.6": "0.1" },
    { "20.7": "0.1" },
    { "20.8": "0.1" },
    { "20.9": "0.1" },
    { "21.0": "0.1" },
    { "21.1": "0.1" },
    { "21.2": "0.1" },
    { "21.3": "0.1" },
    { "21.4": "0.1" },
    { "21.5": "0.1" },
    { "21.6": "0.1" },
    { "21.7": "0.1" },
    { "21.8": "0.1" },
    { "21.9": "0.1" },
    { "22.0": "0.1" },
    { "22.1": "0.1" },
    { "22.2": "0.1" },
    { "22.3": "0.1" },
    { "22.4": "0.1" },
    { "22.5": "0.1" },
    { "22.6": "0.1" },
    { "22.7": "0.1" },
    { "22.8": "0.1" },
    { "22.9": "0.1" },
    { "23.0": "0.1" },
    { "23.1": "0.1" },
    { "23.2": "0.1" },
    { "23.3": "0.1" },
    { "23.4": "0.1" },
    { "23.5": "0.1" },
    { "23.6": "0.1" },
    { "23.7": "0.1" },
    { "23.8": "0.1" },
    { "23.9": "0.1" },
    { "24.0": "0.1" },
    { "24.1": "0.1" },
    { "24.2": "0.1" },
    { "24.3": "0.1" },
    { "24.4": "0.2" },
    { "24.5": "2.2" },
    { "24.6": "3.8" },
    { "24.7": "4.5" },
    { "24.8": "5.4" },
    { "24.9": "5.8" },
    { "25.0": "6.0" },
    { "25.1": "6.2" },
    { "25.2": "6.5" },
    { "25.3": "6.6" },
    { "25.4": "6.7" },
    { "25.5": "6.6" },
    { "25.6": "6.6" },
    { "25.7": "6.5" },
    { "25.8": "6.3" },
    { "25.9": "6.3" },
    { "26.0": "6.3" },
    { "26.1": "6.2" },
    { "26.2": "6.3" },
    { "26.3": "6.3" },
    { "26.4": "6.3" },
    { "26.5": "6.3" },
    { "26.6": "6.2" },
    { "26.7": "6.2" },
    { "26.8": "6.3" },
    { "26.9": "6.3" },
    { "27.0": "6.2" },
    { "27.1": "6.1" },
    { "27.2": "6.1" },
    { "27.3": "6.0" },
    { "27.4": "5.9" },
    { "27.5": "5.8" },
    { "27.6": "5.8" },
    { "27.7": "5.9" },
    { "27.8": "5.9" },
    { "27.9": "5.9" },
    { "28.0": "5.8" },
    { "28.1": "5.7" },
    { "28.2": "5.5" },
    { "28.3": "5.5" },
    { "28.4": "5.4" },
    { "28.5": "5.4" },
    { "28.6": "5.5" },
    { "28.7": "5.6" },
    { "28.8": "5.6" },
    { "28.9": "5.5" },
    { "29.0": "5.4" },
    { "29.1": "5.4" },
    { "29.2": "5.5" },
    { "29.3": "5.3" },
    { "29.4": "5.2" },
    { "29.5": "4.7" },
    { "29.6": "2.7" },
    { "29.7": "1.1" },
    { "29.8": "0.4" },
    { "29.9": "0.1" },
    { "30.0": "0.1" },
    { "30.1": "0.1" },
    { "30.2": "0.1" },
    { "30.3": "0.1" },
    { "30.4": "0.1" },
    { "30.5": "0.1" },
    { "30.6": "0.1" },
    { "30.7": "0.1" },
    { "30.8": "0.1" },
    { "30.9": "0.1" },
    { "31.0": "0.1" },
    { "31.1": "0.1" },
    { "31.2": "0.1" },
    { "31.3": "0.1" },
    { "31.4": "0.1" },
    { "31.5": "0.1" },
    { "31.6": "0.1" },
    { "31.7": "0.1" },
    { "31.8": "0.1" },
    { "31.9": "0.1" },
    { "32.0": "0.1" },
    { "32.1": "0.1" },
    { "32.2": "0.1" },
    { "32.3": "0.1" },
    { "32.4": "0.1" },
    { "32.5": "0.1" },
    { "32.6": "0.1" },
    { "32.7": "0.1" },
    { "32.8": "0.1" },
    { "32.9": "0.1" },
    { "33.0": "0.1" },
    { "33.1": "0.1" },
    { "33.2": "0.1" },
    { "33.3": "0.1" },
    { "33.4": "0.1" },
    { "33.5": "0.1" },
    { "33.6": "0.1" },
    { "33.7": "0.1" },
    { "33.8": "0.1" },
    { "33.9": "0.1" },
    { "34.0": "0.1" },
    { "34.1": "0.1" },
    { "34.2": "0.1" },
    { "34.3": "0.1" },
    { "34.4": "0.1" },
    { "34.5": "0.1" },
    { "34.6": "0.1" },
    { "34.7": "0.1" },
    { "34.8": "0.1" },
    { "34.9": "0.1" },
    { "35.0": "0.1" },
    { "35.1": "0.1" },
    { "35.2": "0.1" },
    { "35.3": "0.1" },
    { "35.4": "0.1" },
    { "35.5": "0.1" },
    { "35.6": "0.1" },
    { "35.7": "0.1" },
    { "35.8": "0.1" },
    { "35.9": "0.1" },
    { "36.0": "0.1" },
    { "36.1": "0.1" },
    { "36.2": "0.1" },
    { "36.3": "0.1" },
    { "36.4": "0.1" },
    { "36.5": "0.1" },
    { "36.6": "0.1" },
    { "36.7": "0.1" },
    { "36.8": "0.1" },
    { "36.9": "0.1" },
    { "37.0": "0.1" },
    { "37.1": "0.1" },
    { "37.2": "0.1" },
    { "37.3": "0.1" },
    { "37.4": "0.1" },
    { "37.5": "0.1" },
    { "37.6": "0.1" },
    { "37.7": "0.1" },
    { "37.8": "0.1" },
    { "37.9": "0.1" },
    { "38.0": "0.1" },
    { "38.1": "0.1" },
    { "38.2": "0.1" },
    { "38.3": "0.1" },
    { "38.4": "0.1" },
    { "38.5": "0.1" },
    { "38.6": "0.1" },
    { "38.7": "0.1" },
    { "38.8": "0.1" },
    { "38.9": "0.1" },
    { "39.0": "0.1" },
    { "39.1": "0.1" },
    { "39.2": "0.1" },
    { "39.3": "0.1" },
    { "39.4": "0.1" },
    { "39.5": "0.1" },
    { "39.6": "0.1" },
    { "39.7": "0.1" },
    { "39.8": "0.1" },
    { "39.9": "0.1" },
    { "40.0": "0.1" },
    { "40.1": "0.1" },
    { "40.2": "0.1" },
    { "40.3": "0.1" },
    { "40.4": "0.1" },
    { "40.5": "0.1" },
    { "40.6": "0.1" },
    { "40.7": "0.1" },
    { "40.8": "0.0" },
    { "40.9": "0.1" },
    { "41.0": "0.1" },
    { "41.1": "0.1" },
    { "41.2": "0.1" },
    { "41.3": "0.1" },
    { "41.4": "0.1" },
    { "41.5": "0.1" },
    { "41.6": "0.1" },
    { "41.7": "0.1" },
    { "41.8": "0.1" },
    { "41.9": "0.1" },
    { "42.0": "0.1" },
    { "42.1": "0.1" },
    { "42.2": "0.1" },
    { "42.3": "0.1" },
    { "42.4": "0.1" },
    { "42.5": "0.1" },
    { "42.6": "0.1" },
    { "42.7": "0.1" },
    { "42.8": "0.1" },
    { "42.9": "0.1" },
    { "43.0": "0.1" },
    { "43.1": "0.1" },
    { "43.2": "0.1" },
    { "43.3": "0.1" },
    { "43.4": "0.1" },
    { "43.5": "0.0" },
    { "43.6": "0.1" },
    { "43.7": "0.1" },
    { "43.8": "0.1" },
    { "43.9": "0.1" },
    { "44.0": "0.1" },
    { "44.1": "0.1" },
    { "44.2": "0.1" },
    { "44.3": "0.1" },
    { "44.4": "0.1" },
    { "44.5": "0.1" },
    { "44.6": "0.1" },
    { "44.7": "0.1" },
    { "44.8": "0.1" },
    { "44.9": "0.0" },
    { "45.0": "0.1" },
    { "45.1": "0.1" },
    { "45.2": "0.0" },
    { "45.3": "0.1" },
    { "45.4": "0.0" },
    { "45.5": "0.1" },
    { "45.6": "0.1" },
    { "45.7": "0.1" },
    { "45.8": "0.1" },
    { "45.9": "0.1" },
    { "46.0": "0.1" },
    { "46.1": "0.1" },
    { "46.2": "0.1" },
    { "46.3": "0.1" },
    { "46.4": "0.1" },
    { "46.5": "0.1" },
    { "46.6": "0.1" },
    { "46.7": "0.1" },
    { "46.8": "0.2" },
    { "46.9": "0.3" },
    { "47.0": "0.9" },
    { "47.1": "2.2" },
    { "47.2": "3.3" },
    { "47.3": "4.0" },
    { "47.4": "4.4" },
    { "47.5": "4.8" },
    { "47.6": "5.1" },
    { "47.7": "5.5" },
    { "47.8": "5.9" },
    { "47.9": "6.2" },
    { "48.0": "6.2" },
    { "48.1": "5.9" },
    { "48.2": "6.0" },
    { "48.3": "6.1" },
    { "48.4": "6.2" },
    { "48.5": "6.1" },
    { "48.6": "5.8" },
    { "48.7": "5.8" },
    { "48.8": "5.9" },
    { "48.9": "6.1" },
    { "49.0": "6.1" },
    { "49.1": "6.1" },
    { "49.2": "6.0" },
    { "49.3": "5.7" },
    { "49.4": "5.6" },
    { "49.5": "5.6" },
    { "49.6": "5.5" },
    { "49.7": "5.4" },
    { "49.8": "5.5" },
    { "49.9": "5.6" },
    { "50.0": "5.6" },
    { "50.1": "5.6" },
    { "50.2": "5.3" },
    { "50.3": "4.8" },
    { "50.4": "4.6" },
    { "50.5": "4.0" },
    { "50.6": "1.6" },
    { "50.7": "0.5" },
    { "50.8": "0.1" },
    { "50.9": "0.1" },
    { "51.0": "0.1" },
    { "51.1": "0.1" },
    { "51.2": "0.1" },
    { "51.3": "0.1" },
    { "51.4": "0.1" },
    { "51.5": "0.1" },
    { "51.6": "0.1" },
    { "51.7": "0.1" },
    { "51.8": "0.1" },
    { "51.9": "0.1" },
    { "52.0": "0.1" },
    { "52.1": "0.1" },
    { "52.2": "0.1" },
    { "52.3": "0.1" },
    { "52.4": "0.1" },
    { "52.5": "0.1" },
    { "52.6": "0.1" },
    { "52.7": "0.1" },
    { "52.8": "0.1" },
    { "52.9": "0.1" },
    { "53.0": "0.1" },
    { "53.1": "0.1" },
    { "53.2": "0.1" },
    { "53.3": "0.1" },
    { "53.4": "0.1" },
    { "53.5": "0.1" },
    { "53.6": "0.1" },
    { "53.7": "0.1" },
    { "53.8": "0.1" },
    { "53.9": "0.1" },
    { "54.0": "0.1" },
    { "54.1": "0.1" },
    { "54.2": "0.1" },
    { "54.3": "0.1" },
    { "54.4": "0.1" },
    { "54.5": "0.1" },
    { "54.6": "0.1" },
    { "54.7": "0.1" },
    { "54.8": "0.1" },
    { "54.9": "0.1" },
    { "55.0": "0.1" },
    { "55.1": "0.1" },
    { "55.2": "0.1" },
    { "55.3": "0.1" },
    { "55.4": "0.1" },
    { "55.5": "0.1" },
    { "55.6": "0.1" },
    { "55.7": "0.1" },
    { "55.8": "0.1" },
    { "55.9": "0.1" },
    { "56.0": "0.1" },
    { "56.1": "0.1" },
    { "56.2": "0.1" },
    { "56.3": "0.1" },
    { "56.4": "0.2" },
    { "56.5": "0.1" },
    { "56.6": "0.1" },
    { "56.7": "0.2" },
    { "56.8": "0.1" },
    { "56.9": "0.1" },
    { "57.0": "0.1" },
    { "57.1": "0.2" },
    { "57.2": "0.2" },
    { "57.3": "0.4" },
    { "57.4": "1.2" },
    { "57.5": "3.6" },
    { "57.6": "4.7" },
    { "57.7": "5.3" },
    { "57.8": "6.0" },
    { "57.9": "6.2" },
    { "58.0": "6.1" },
    { "58.1": "5.9" },
    { "58.2": "5.7" },
    { "58.3": "5.9" },
    { "58.4": "6.1" },
    { "58.5": "6.2" },
    { "58.6": "6.3" },
    { "58.7": "6.2" },
    { "58.8": "6.1" },
    { "58.9": "5.8" },
    { "59.0": "5.8" },
    { "59.1": "5.6" },
    { "59.2": "5.5" },
    { "59.3": "5.4" },
    { "59.4": "5.3" },
    { "59.5": "5.2" },
    { "59.6": "5.1" },
    { "59.7": "5.2" },
    { "59.8": "5.3" },
    { "59.9": "5.7" },
    { "60.0": "5.9" },
    { "60.1": "5.7" },
    { "60.2": "5.5" },
    { "60.3": "5.3" },
    { "60.4": "5.2" },
    { "60.5": "5.1" },
    { "60.6": "5.2" },
    { "60.7": "5.3" },
    { "60.8": "5.3" },
    { "60.9": "5.1" },
    { "61.0": "5.0" },
    { "61.1": "5.0" },
    { "61.2": "4.8" },
    { "61.3": "4.7" },
    { "61.4": "4.8" },
    { "61.5": "4.8" },
    { "61.6": "5.0" },
    { "61.7": "5.2" },
    { "61.8": "5.6" },
    { "61.9": "6.3" },
    { "62.0": "6.4" },
    { "62.1": "6.0" },
    { "62.2": "5.7" },
    { "62.3": "5.6" },
    { "62.4": "5.6" },
    { "62.5": "4.1" },
    { "62.6": "0.8" },
    { "62.7": "0.1" },
    { "62.8": "0.1" },
    { "62.9": "0.1" },
    { "63.0": "0.1" },
    { "63.1": "0.1" },
    { "63.2": "0.1" },
    { "63.3": "0.1" },
    { "63.4": "0.1" },
    { "63.5": "0.1" },
    { "63.6": "0.1" },
    { "63.7": "0.1" },
    { "63.8": "0.1" },
    { "63.9": "0.1" },
    { "64.0": "0.1" },
    { "64.1": "0.1" },
    { "64.2": "0.1" },
    { "64.3": "0.1" },
    { "64.4": "0.1" },
    { "64.5": "0.1" },
    { "64.6": "0.1" },
    { "64.7": "0.1" },
    { "64.8": "0.1" },
    { "64.9": "0.1" },
    { "65.0": "0.1" },
    { "65.1": "0.1" },
    { "65.2": "0.1" },
    { "65.3": "0.1" },
    { "65.4": "0.1" },
    { "65.5": "0.1" },
    { "65.6": "0.1" },
    { "65.7": "0.1" },
    { "65.8": "0.1" },
    { "65.9": "0.1" },
    { "66.0": "0.1" },
    { "66.1": "0.1" },
    { "66.2": "0.1" },
    { "66.3": "0.1" },
    { "66.4": "0.1" },
    { "66.5": "0.1" },
    { "66.6": "0.1" },
    { "66.7": "0.1" },
    { "66.8": "0.1" },
    { "66.9": "0.1" },
    { "67.0": "0.1" },
    { "67.1": "0.1" },
    { "67.2": "0.1" },
    { "67.3": "0.1" },
    { "67.4": "0.1" },
    { "67.5": "0.1" },
    { "67.6": "0.1" },
    { "67.7": "0.1" },
    { "67.8": "0.1" },
    { "67.9": "0.1" },
    { "68.0": "0.1" },
    { "68.1": "0.1" },
    { "68.2": "0.1" },
    { "68.3": "0.2" },
    { "68.4": "0.2" },
    { "68.5": "0.2" },
    { "68.6": "0.2" },
    { "68.7": "0.3" },
    { "68.8": "0.3" },
    { "68.9": "0.3" },
    { "69.0": "0.4" },
    { "69.1": "0.5" },
    { "69.2": "0.8" },
    { "69.3": "1.4" },
    { "69.4": "2.4" },
    { "69.5": "4.0" },
    { "69.6": "5.0" },
    { "69.7": "5.3" },
    { "69.8": "5.8" },
    { "69.9": "6.3" },
    { "70.0": "6.8" },
    { "70.1": "6.8" },
    { "70.2": "6.4" },
    { "70.3": "6.2" },
    { "70.4": "6.2" },
    { "70.5": "6.0" },
    { "70.6": "5.9" },
    { "70.7": "6.1" },
    { "70.8": "6.1" },
    { "70.9": "5.9" },
    { "71.0": "5.9" },
    { "71.1": "6.0" },
    { "71.2": "5.9" },
    { "71.3": "5.5" },
    { "71.4": "5.3" },
    { "71.5": "5.2" },
    { "71.6": "5.1" },
    { "71.7": "5.2" },
    { "71.8": "5.4" },
    { "71.9": "5.7" },
    { "72.0": "5.6" },
    { "72.1": "5.4" },
    { "72.2": "5.3" },
    { "72.3": "5.2" },
    { "72.4": "5.1" },
    { "72.5": "5.0" },
    { "72.6": "5.0" },
    { "72.7": "4.9" },
    { "72.8": "4.7" },
    { "72.9": "4.6" },
    { "73.0": "4.6" },
    { "73.1": "4.9" },
    { "73.2": "5.2" },
    { "73.3": "5.5" },
    { "73.4": "5.7" },
    { "73.5": "5.7" },
    { "73.6": "5.7" },
    { "73.7": "5.6" },
    { "73.8": "5.4" },
    { "73.9": "5.3" },
    { "74.0": "5.3" },
    { "74.1": "5.4" },
    { "74.2": "5.4" },
    { "74.3": "5.4" },
    { "74.4": "5.1" },
    { "74.5": "3.5" },
    { "74.6": "1.3" },
    { "74.7": "0.3" },
    { "74.8": "0.1" },
    { "74.9": "0.1" },
    { "75.0": "0.1" }
  ]
}
