{
  "userId": "kohlemerry@tendonloader.com",
  "painScore": "0.0",
  "timeStamp": { "seconds": "1627066145" , "nanoseconds": "51156000" },
  "isTolerable": "---",
  "isComplate": "true",
  "progressorId": "Progressor_3773",
  "prescription": {
    "sets": "5",
    "reps": "5",
    "setRest": "15",
    "holdTime": "3",
    "restTime": "3",
    "targetLoad": "4.0",
    "mvcDuration": "4",
    "isAdmin": "null"
  },
  "exportData": [
    { "0.1": "0.4" },
    { "0.2": "1.3" },
    { "0.3": "2.0" },
    { "0.4": "2.8" },
    { "0.5": "3.4" },
    { "0.6": "4.1" },
    { "0.7": "4.4" },
    { "0.8": "4.4" },
    { "0.9": "4.7" },
    { "1.0": "5.1" },
    { "1.1": "5.2" },
    { "1.2": "5.3" },
    { "1.3": "5.3" },
    { "1.4": "5.3" },
    { "1.5": "5.3" },
    { "1.6": "5.3" },
    { "1.7": "5.4" },
    { "1.8": "5.4" },
    { "1.9": "5.3" },
    { "2.0": "5.5" },
    { "2.1": "5.6" },
    { "2.2": "5.7" },
    { "2.3": "5.9" },
    { "2.4": "6.1" },
    { "2.5": "6.3" },
    { "2.6": "6.3" },
    { "2.7": "6.4" },
    { "2.8": "6.2" },
    { "2.9": "6.0" },
    { "3.0": "5.6" },
    { "3.1": "5.8" },
    { "3.2": "6.0" },
    { "3.3": "6.0" },
    { "3.4": "5.9" },
    { "3.5": "5.5" },
    { "3.6": "5.8" },
    { "3.7": "5.8" },
    { "3.8": "5.9" },
    { "3.9": "5.8" },
    { "4.0": "4.9" },
    { "4.1": "1.9" },
    { "4.2": "0.3" },
    { "4.3": "0.1" },
    { "4.4": "0.0" },
    { "4.5": "0.0" },
    { "4.6": "0.0" },
    { "4.7": "0.0" },
    { "4.8": "0.0" },
    { "4.9": "0.0" },
    { "5.0": "0.0" },
    { "5.1": "0.0" },
    { "5.2": "0.0" },
    { "5.3": "0.0" },
    { "5.4": "0.0" },
    { "5.5": "0.0" },
    { "5.6": "0.0" },
    { "5.7": "0.0" },
    { "5.8": "0.0" },
    { "5.9": "0.0" },
    { "6.0": "0.0" },
    { "6.1": "0.0" },
    { "6.2": "0.0" },
    { "6.3": "0.0" },
    { "6.4": "0.0" },
    { "6.5": "0.0" },
    { "6.6": "0.0" },
    { "6.7": "0.0" },
    { "6.8": "0.0" },
    { "6.9": "0.0" },
    { "7.0": "0.0" },
    { "7.1": "0.0" },
    { "7.2": "0.0" },
    { "7.3": "0.0" },
    { "7.4": "0.1" },
    { "7.5": "0.0" },
    { "7.6": "0.0" },
    { "7.7": "0.1" },
    { "7.8": "0.1" },
    { "7.9": "0.0" },
    { "8.0": "0.1" },
    { "8.1": "0.1" },
    { "8.2": "0.1" },
    { "8.3": "0.0" },
    { "8.4": "0.0" },
    { "8.5": "0.0" },
    { "8.6": "0.2" },
    { "8.7": "0.6" },
    { "8.8": "1.6" },
    { "8.9": "2.4" },
    { "9.0": "3.4" },
    { "9.1": "4.0" },
    { "9.2": "4.2" },
    { "9.3": "4.4" },
    { "9.4": "4.7" },
    { "9.5": "4.9" },
    { "9.6": "5.1" },
    { "9.7": "5.0" },
    { "9.8": "5.0" },
    { "9.9": "5.0" },
    { "10.0": "5.1" },
    { "10.1": "5.0" },
    { "10.2": "5.1" },
    { "10.3": "5.1" },
    { "10.4": "5.1" },
    { "10.5": "5.0" },
    { "10.6": "5.0" },
    { "10.7": "5.1" },
    { "10.8": "5.1" },
    { "10.9": "5.2" },
    { "11.0": "5.2" },
    { "11.1": "5.2" },
    { "11.2": "5.2" },
    { "11.3": "5.2" },
    { "11.4": "5.0" },
    { "11.5": "2.7" },
    { "11.6": "0.2" },
    { "11.7": "0.0" },
    { "11.8": "0.1" },
    { "11.9": "0.1" },
    { "12.0": "0.2" },
    { "12.1": "0.0" },
    { "12.2": "0.0" },
    { "12.3": "0.0" },
    { "12.4": "0.0" },
    { "12.5": "0.0" },
    { "12.6": "0.0" },
    { "12.7": "0.0" },
    { "12.8": "0.0" },
    { "12.9": "0.0" },
    { "13.0": "0.0" },
    { "13.1": "0.1" },
    { "13.2": "0.0" },
    { "13.3": "0.0" },
    { "13.4": "0.0" },
    { "13.5": "0.0" },
    { "13.6": "0.0" },
    { "13.7": "0.0" },
    { "13.8": "0.1" },
    { "13.9": "0.1" },
    { "14.0": "0.1" },
    { "14.1": "0.1" },
    { "14.2": "0.1" },
    { "14.3": "0.0" },
    { "14.4": "0.0" },
    { "14.5": "0.0" },
    { "14.6": "0.0" },
    { "14.7": "0.0" },
    { "14.8": "0.0" },
    { "14.9": "0.0" },
    { "15.0": "0.0" },
    { "15.1": "0.0" },
    { "15.2": "0.0" },
    { "15.3": "0.0" },
    { "15.4": "0.1" },
    { "15.5": "0.4" },
    { "15.6": "0.5" },
    { "15.7": "1.0" },
    { "15.8": "1.4" },
    { "15.9": "2.2" },
    { "16.0": "3.0" },
    { "16.1": "3.6" },
    { "16.2": "4.2" },
    { "16.3": "4.6" },
    { "16.4": "5.1" },
    { "16.5": "5.5" },
    { "16.6": "5.6" },
    { "16.7": "5.3" },
    { "16.8": "5.2" },
    { "16.9": "5.3" },
    { "17.0": "5.3" },
    { "17.1": "5.3" },
    { "17.2": "5.3" },
    { "17.3": "5.4" },
    { "17.4": "5.4" },
    { "17.5": "5.3" },
    { "17.6": "5.1" },
    { "17.7": "5.1" },
    { "17.8": "5.0" },
    { "17.9": "5.0" },
    { "18.0": "5.0" },
    { "18.1": "5.2" },
    { "18.2": "5.3" },
    { "18.3": "5.3" },
    { "18.4": "5.4" },
    { "18.5": "5.3" },
    { "18.6": "5.2" },
    { "18.7": "5.0" },
    { "18.8": "5.0" },
    { "18.9": "4.9" },
    { "19.0": "4.6" },
    { "19.1": "4.3" },
    { "19.2": "3.0" },
    { "19.3": "1.1" },
    { "19.4": "0.3" },
    { "19.5": "0.1" },
    { "19.6": "0.0" },
    { "19.7": "0.0" },
    { "19.8": "0.0" },
    { "19.9": "0.0" },
    { "20.0": "0.0" },
    { "20.1": "0.0" },
    { "20.2": "0.0" },
    { "20.3": "0.0" },
    { "20.4": "0.0" },
    { "20.5": "0.0" },
    { "20.6": "0.0" },
    { "20.7": "0.0" },
    { "20.8": "0.0" },
    { "20.9": "0.0" },
    { "21.0": "0.0" },
    { "21.1": "0.0" },
    { "21.2": "0.0" },
    { "21.3": "0.0" },
    { "21.4": "0.0" },
    { "21.5": "0.1" },
    { "21.6": "0.0" },
    { "21.7": "0.0" },
    { "21.8": "0.0" },
    { "21.9": "0.0" },
    { "22.0": "0.0" },
    { "22.1": "0.0" },
    { "22.2": "0.0" },
    { "22.3": "0.1" },
    { "22.4": "0.1" },
    { "22.5": "0.0" },
    { "22.6": "0.0" },
    { "22.7": "0.0" },
    { "22.8": "0.0" },
    { "22.9": "0.0" },
    { "23.0": "0.0" },
    { "23.1": "0.0" },
    { "23.2": "0.0" },
    { "23.3": "0.0" },
    { "23.4": "0.0" },
    { "23.5": "0.5" },
    { "23.6": "1.3" },
    { "23.7": "2.2" },
    { "23.8": "2.8" },
    { "23.9": "3.2" },
    { "24.0": "3.8" },
    { "24.1": "4.4" },
    { "24.2": "4.9" },
    { "24.3": "5.3" },
    { "24.4": "5.4" },
    { "24.5": "5.5" },
    { "24.6": "5.4" },
    { "24.7": "5.4" },
    { "24.8": "5.3" },
    { "24.9": "5.3" },
    { "25.0": "5.4" },
    { "25.1": "5.5" },
    { "25.2": "5.6" },
    { "25.3": "5.6" },
    { "25.4": "5.6" },
    { "25.5": "5.6" },
    { "25.6": "5.5" },
    { "25.7": "5.6" },
    { "25.8": "5.5" },
    { "25.9": "5.5" },
    { "26.0": "5.5" },
    { "26.1": "5.4" },
    { "26.2": "5.3" },
    { "26.3": "5.3" },
    { "26.4": "5.3" },
    { "26.5": "5.4" },
    { "26.6": "5.4" },
    { "26.7": "5.5" },
    { "26.8": "5.4" },
    { "26.9": "5.4" },
    { "27.0": "5.3" },
    { "27.1": "5.3" },
    { "27.2": "5.3" },
    { "27.3": "5.2" },
    { "27.4": "5.2" },
    { "27.5": "5.2" },
    { "27.6": "5.1" },
    { "27.7": "5.1" },
    { "27.8": "5.0" },
    { "27.9": "4.3" },
    { "28.0": "0.7" },
    { "28.1": "0.1" },
    { "28.2": "0.0" },
    { "28.3": "0.0" },
    { "28.4": "0.0" },
    { "28.5": "0.0" },
    { "28.6": "0.0" },
    { "28.7": "0.0" },
    { "28.8": "0.0" },
    { "28.9": "0.0" },
    { "29.0": "0.0" },
    { "29.1": "0.0" },
    { "29.2": "0.0" },
    { "29.3": "0.0" },
    { "29.4": "0.0" },
    { "29.5": "0.0" },
    { "29.6": "0.0" },
    { "29.7": "0.0" },
    { "29.8": "0.0" },
    { "29.9": "0.0" },
    { "30.0": "0.0" },
    { "30.1": "0.0" },
    { "30.2": "0.0" },
    { "30.3": "0.0" },
    { "30.4": "0.0" },
    { "30.5": "0.0" },
    { "30.6": "0.0" },
    { "30.7": "0.0" },
    { "30.8": "0.0" },
    { "30.9": "0.0" },
    { "31.0": "0.0" },
    { "31.1": "0.1" },
    { "31.2": "0.1" },
    { "31.3": "0.2" },
    { "31.4": "0.5" },
    { "31.5": "0.9" },
    { "31.6": "1.1" },
    { "31.7": "1.1" },
    { "31.8": "1.3" },
    { "31.9": "1.4" },
    { "32.0": "1.6" },
    { "32.1": "1.7" },
    { "32.2": "2.2" },
    { "32.3": "3.0" },
    { "32.4": "3.8" },
    { "32.5": "4.2" },
    { "32.6": "4.5" },
    { "32.7": "4.7" },
    { "32.8": "4.8" },
    { "32.9": "4.9" },
    { "33.0": "4.9" },
    { "33.1": "5.0" },
    { "33.2": "5.0" },
    { "33.3": "5.0" },
    { "33.4": "4.9" },
    { "33.5": "4.9" },
    { "33.6": "5.0" },
    { "33.7": "5.0" },
    { "33.8": "5.0" },
    { "33.9": "5.0" },
    { "34.0": "4.9" },
    { "34.1": "4.8" },
    { "34.2": "4.8" },
    { "34.3": "4.7" },
    { "34.4": "4.8" },
    { "34.5": "4.8" },
    { "34.6": "4.9" },
    { "34.7": "4.9" },
    { "34.8": "4.8" },
    { "34.9": "3.1" },
    { "35.0": "0.8" },
    { "35.1": "0.2" },
    { "35.2": "0.1" },
    { "35.3": "0.0" },
    { "35.4": "0.0" },
    { "35.5": "0.0" },
    { "35.6": "0.0" },
    { "35.7": "0.0" },
    { "35.8": "0.0" },
    { "35.9": "0.0" },
    { "36.0": "0.0" },
    { "36.1": "0.0" },
    { "36.2": "0.0" },
    { "36.3": "0.0" },
    { "36.4": "0.0" },
    { "36.5": "0.0" },
    { "36.6": "0.0" },
    { "36.7": "0.0" },
    { "36.8": "0.0" },
    { "36.9": "0.0" },
    { "37.0": "0.0" },
    { "37.1": "0.0" },
    { "37.2": "0.0" },
    { "37.3": "0.0" },
    { "37.4": "0.0" },
    { "37.5": "0.0" },
    { "37.6": "0.0" },
    { "37.7": "0.0" },
    { "37.8": "0.0" },
    { "37.9": "0.0" },
    { "38.0": "0.0" },
    { "38.1": "0.0" },
    { "38.2": "0.0" },
    { "38.3": "0.0" },
    { "38.4": "0.0" },
    { "38.5": "0.0" },
    { "38.6": "0.0" },
    { "38.7": "0.0" },
    { "38.8": "0.0" },
    { "38.9": "0.0" },
    { "39.0": "0.0" },
    { "39.1": "0.0" },
    { "39.2": "0.0" },
    { "39.3": "0.0" },
    { "39.4": "0.0" },
    { "39.5": "0.0" },
    { "39.6": "0.0" },
    { "39.7": "0.0" },
    { "39.8": "0.0" },
    { "39.9": "0.0" },
    { "40.0": "0.0" },
    { "40.1": "0.0" },
    { "40.2": "0.0" },
    { "40.3": "0.0" },
    { "40.4": "0.0" },
    { "40.5": "0.0" },
    { "40.6": "0.0" },
    { "40.7": "0.0" },
    { "40.8": "0.0" },
    { "40.9": "0.0" },
    { "41.0": "0.0" },
    { "41.1": "0.0" },
    { "41.2": "0.0" },
    { "41.3": "0.0" },
    { "41.4": "0.0" },
    { "41.5": "0.0" },
    { "41.6": "0.0" },
    { "41.7": "0.0" },
    { "41.8": "0.0" },
    { "41.9": "0.0" },
    { "42.0": "0.0" },
    { "42.1": "0.0" },
    { "42.2": "0.0" },
    { "42.3": "0.0" },
    { "42.4": "0.0" },
    { "42.5": "0.0" },
    { "42.6": "0.0" },
    { "42.7": "0.0" },
    { "42.8": "0.0" },
    { "42.9": "0.0" },
    { "43.0": "0.0" },
    { "43.1": "0.0" },
    { "43.2": "0.0" },
    { "43.3": "0.0" },
    { "43.4": "0.0" },
    { "43.5": "0.0" },
    { "43.6": "0.0" },
    { "43.7": "0.0" },
    { "43.8": "0.0" },
    { "43.9": "0.0" },
    { "44.0": "0.0" },
    { "44.1": "0.0" },
    { "44.2": "0.0" },
    { "44.3": "0.0" },
    { "44.4": "0.0" },
    { "44.5": "0.0" },
    { "44.6": "0.0" },
    { "44.7": "0.0" },
    { "44.8": "0.0" },
    { "44.9": "0.0" },
    { "45.0": "0.0" },
    { "45.1": "0.0" },
    { "45.2": "0.0" },
    { "45.3": "0.0" },
    { "45.4": "0.0" },
    { "45.5": "0.0" },
    { "45.6": "0.0" },
    { "45.7": "0.0" },
    { "45.8": "0.0" },
    { "45.9": "0.0" },
    { "46.0": "0.0" },
    { "46.1": "0.0" },
    { "46.2": "0.0" },
    { "46.3": "0.0" },
    { "46.4": "0.0" },
    { "46.5": "0.0" },
    { "46.6": "0.0" },
    { "46.7": "0.0" },
    { "46.8": "0.0" },
    { "46.9": "0.0" },
    { "47.0": "0.0" },
    { "47.1": "0.0" },
    { "47.2": "0.0" },
    { "47.3": "0.0" },
    { "47.4": "0.0" },
    { "47.5": "0.0" },
    { "47.6": "0.0" },
    { "47.7": "0.0" },
    { "47.8": "0.0" },
    { "47.9": "0.0" },
    { "48.0": "0.0" },
    { "48.1": "0.0" },
    { "48.2": "0.0" },
    { "48.3": "0.0" },
    { "48.4": "0.0" },
    { "48.5": "0.0" },
    { "48.6": "0.0" },
    { "48.7": "0.0" },
    { "48.8": "0.0" },
    { "48.9": "0.0" },
    { "49.0": "0.0" },
    { "49.1": "0.0" },
    { "49.2": "0.0" },
    { "49.3": "0.0" },
    { "49.4": "0.0" },
    { "49.5": "0.0" },
    { "49.6": "0.0" },
    { "49.7": "0.0" },
    { "49.8": "0.0" },
    { "49.9": "0.0" },
    { "50.0": "0.0" },
    { "50.1": "0.0" },
    { "50.2": "0.0" },
    { "50.3": "0.0" },
    { "50.4": "0.0" },
    { "50.5": "0.0" },
    { "50.6": "0.0" },
    { "50.7": "0.0" },
    { "50.8": "0.0" },
    { "50.9": "0.0" },
    { "51.0": "0.0" },
    { "51.1": "0.0" },
    { "51.2": "0.0" },
    { "51.3": "0.0" },
    { "51.4": "0.0" },
    { "51.5": "0.0" },
    { "51.6": "0.0" },
    { "51.7": "0.0" },
    { "51.8": "0.0" },
    { "51.9": "0.0" },
    { "52.0": "0.0" },
    { "52.1": "0.0" },
    { "52.2": "0.0" },
    { "52.3": "0.0" },
    { "52.4": "0.0" },
    { "52.5": "0.0" },
    { "52.6": "0.0" },
    { "52.7": "0.0" },
    { "52.8": "0.0" },
    { "52.9": "0.2" },
    { "53.0": "0.6" },
    { "53.1": "1.2" },
    { "53.2": "1.7" },
    { "53.3": "2.2" },
    { "53.4": "2.6" },
    { "53.5": "2.9" },
    { "53.6": "3.2" },
    { "53.7": "3.6" },
    { "53.8": "4.0" },
    { "53.9": "4.5" },
    { "54.0": "4.7" },
    { "54.1": "5.0" },
    { "54.2": "5.1" },
    { "54.3": "5.2" },
    { "54.4": "5.3" },
    { "54.5": "5.4" },
    { "54.6": "5.3" },
    { "54.7": "5.1" },
    { "54.8": "5.0" },
    { "54.9": "5.0" },
    { "55.0": "5.0" },
    { "55.1": "5.0" },
    { "55.2": "5.1" },
    { "55.3": "5.2" },
    { "55.4": "5.1" },
    { "55.5": "5.0" },
    { "55.6": "4.9" },
    { "55.7": "5.0" },
    { "55.8": "5.1" },
    { "55.9": "4.9" },
    { "56.0": "3.7" },
    { "56.1": "0.8" },
    { "56.2": "0.1" },
    { "56.3": "0.0" },
    { "56.4": "0.0" },
    { "56.5": "0.0" },
    { "56.6": "0.0" },
    { "56.7": "0.0" },
    { "56.8": "0.0" },
    { "56.9": "0.0" },
    { "57.0": "0.0" },
    { "57.1": "0.0" },
    { "57.2": "0.0" },
    { "57.3": "0.0" },
    { "57.4": "0.0" },
    { "57.5": "0.0" },
    { "57.6": "0.0" },
    { "57.7": "0.0" },
    { "57.8": "0.0" },
    { "57.9": "0.0" },
    { "58.0": "0.0" },
    { "58.1": "0.0" },
    { "58.2": "0.0" },
    { "58.3": "0.0" },
    { "58.4": "0.0" },
    { "58.5": "0.1" },
    { "58.6": "0.3" },
    { "58.7": "0.7" },
    { "58.8": "1.1" },
    { "58.9": "2.2" },
    { "59.0": "3.1" },
    { "59.1": "3.6" },
    { "59.2": "4.1" },
    { "59.3": "4.6" },
    { "59.4": "5.0" },
    { "59.5": "5.2" },
    { "59.6": "5.3" },
    { "59.7": "5.3" },
    { "59.8": "5.3" },
    { "59.9": "5.3" },
    { "60.0": "5.3" },
    { "60.1": "5.3" },
    { "60.2": "5.2" },
    { "60.3": "5.2" },
    { "60.4": "5.2" },
    { "60.5": "5.2" },
    { "60.6": "5.1" },
    { "60.7": "5.1" },
    { "60.8": "5.0" },
    { "60.9": "5.0" },
    { "61.0": "4.9" },
    { "61.1": "4.8" },
    { "61.2": "4.7" },
    { "61.3": "4.6" },
    { "61.4": "4.6" },
    { "61.5": "4.6" },
    { "61.6": "4.6" },
    { "61.7": "4.7" },
    { "61.8": "4.7" },
    { "61.9": "4.7" },
    { "62.0": "4.7" },
    { "62.1": "4.7" },
    { "62.2": "4.7" },
    { "62.3": "4.6" },
    { "62.4": "4.6" },
    { "62.5": "2.6" },
    { "62.6": "0.3" },
    { "62.7": "0.1" },
    { "62.8": "0.0" },
    { "62.9": "0.0" },
    { "63.0": "0.0" },
    { "63.1": "0.0" },
    { "63.2": "0.0" },
    { "63.3": "0.0" },
    { "63.4": "0.0" },
    { "63.5": "0.0" },
    { "63.6": "0.0" },
    { "63.7": "0.0" },
    { "63.8": "0.0" },
    { "63.9": "0.0" },
    { "64.0": "0.0" },
    { "64.1": "0.0" },
    { "64.2": "0.0" },
    { "64.3": "0.0" },
    { "64.4": "0.0" },
    { "64.5": "0.0" },
    { "64.6": "0.0" },
    { "64.7": "0.0" },
    { "64.8": "0.0" },
    { "64.9": "0.0" },
    { "65.0": "0.0" },
    { "65.1": "0.0" },
    { "65.2": "0.0" },
    { "65.3": "0.0" },
    { "65.4": "0.0" },
    { "65.5": "0.0" },
    { "65.6": "0.0" },
    { "65.7": "0.0" },
    { "65.8": "0.0" },
    { "65.9": "0.0" },
    { "66.0": "0.0" },
    { "66.1": "0.0" },
    { "66.2": "0.0" },
    { "66.3": "0.0" },
    { "66.4": "0.0" },
    { "66.5": "0.0" },
    { "66.6": "0.1" },
    { "66.7": "0.3" },
    { "66.8": "0.8" },
    { "66.9": "1.5" },
    { "67.0": "2.3" },
    { "67.1": "3.2" },
    { "67.2": "3.8" },
    { "67.3": "4.3" },
    { "67.4": "4.9" },
    { "67.5": "5.3" },
    { "67.6": "5.4" },
    { "67.7": "5.4" },
    { "67.8": "5.3" },
    { "67.9": "5.4" },
    { "68.0": "5.3" },
    { "68.1": "5.1" },
    { "68.2": "5.1" },
    { "68.3": "5.0" },
    { "68.4": "5.1" },
    { "68.5": "5.1" },
    { "68.6": "5.0" },
    { "68.7": "5.0" },
    { "68.8": "4.9" },
    { "68.9": "4.7" },
    { "69.0": "4.8" },
    { "69.1": "4.8" },
    { "69.2": "4.7" },
    { "69.3": "4.8" },
    { "69.4": "4.5" },
    { "69.5": "4.9" },
    { "69.6": "5.0" },
    { "69.7": "4.8" },
    { "69.8": "3.0" },
    { "69.9": "3.4" },
    { "70.0": "3.6" },
    { "70.1": "4.1" },
    { "70.2": "4.0" },
    { "70.3": "2.3" },
    { "70.4": "0.5" },
    { "70.5": "0.1" },
    { "70.6": "0.0" },
    { "70.7": "0.0" },
    { "70.8": "0.0" },
    { "70.9": "0.0" },
    { "71.0": "0.0" },
    { "71.1": "0.0" },
    { "71.2": "0.0" },
    { "71.3": "0.0" },
    { "71.4": "0.1" },
    { "71.5": "0.0" },
    { "71.6": "0.0" },
    { "71.7": "0.0" },
    { "71.8": "0.1" },
    { "71.9": "0.0" },
    { "72.0": "0.0" },
    { "72.1": "0.0" },
    { "72.2": "0.0" },
    { "72.3": "0.0" },
    { "72.4": "0.0" },
    { "72.5": "0.0" },
    { "72.6": "0.0" },
    { "72.7": "0.0" },
    { "72.8": "0.0" },
    { "72.9": "0.0" },
    { "73.0": "0.0" },
    { "73.1": "0.0" },
    { "73.2": "0.0" },
    { "73.3": "0.0" },
    { "73.4": "0.0" },
    { "73.5": "0.0" },
    { "73.6": "0.0" },
    { "73.7": "0.0" },
    { "73.8": "0.0" },
    { "73.9": "0.0" },
    { "74.0": "0.0" },
    { "74.1": "0.0" },
    { "74.2": "0.0" },
    { "74.3": "0.0" },
    { "74.4": "0.0" },
    { "74.5": "0.0" },
    { "74.6": "0.0" },
    { "74.7": "0.0" },
    { "74.8": "0.0" },
    { "74.9": "0.0" },
    { "75.0": "0.0" },
    { "75.1": "0.0" },
    { "75.2": "0.0" },
    { "75.3": "0.0" },
    { "75.4": "0.4" },
    { "75.5": "2.3" },
    { "75.6": "3.3" },
    { "75.7": "3.9" },
    { "75.8": "4.5" },
    { "75.9": "4.9" },
    { "76.0": "5.3" },
    { "76.1": "5.3" },
    { "76.2": "5.3" },
    { "76.3": "5.3" },
    { "76.4": "5.3" },
    { "76.5": "5.1" },
    { "76.6": "5.1" },
    { "76.7": "5.1" },
    { "76.8": "5.2" },
    { "76.9": "5.1" },
    { "77.0": "5.0" },
    { "77.1": "5.1" },
    { "77.2": "5.0" },
    { "77.3": "5.0" },
    { "77.4": "5.0" },
    { "77.5": "5.0" },
    { "77.6": "4.9" },
    { "77.7": "4.9" },
    { "77.8": "4.9" },
    { "77.9": "4.8" },
    { "78.0": "4.8" },
    { "78.1": "4.7" },
    { "78.2": "4.6" },
    { "78.3": "4.6" },
    { "78.4": "4.6" },
    { "78.5": "4.6" },
    { "78.6": "4.5" },
    { "78.7": "4.5" },
    { "78.8": "4.5" },
    { "78.9": "4.5" },
    { "79.0": "4.4" },
    { "79.1": "4.4" },
    { "79.2": "4.4" },
    { "79.3": "4.4" },
    { "79.4": "4.3" },
    { "79.5": "2.7" },
    { "79.6": "0.4" },
    { "79.7": "0.1" },
    { "79.8": "0.1" },
    { "79.9": "0.0" },
    { "80.0": "0.0" },
    { "80.1": "0.0" },
    { "80.2": "0.0" },
    { "80.3": "0.0" },
    { "80.4": "0.0" },
    { "80.5": "0.0" },
    { "80.6": "0.0" },
    { "80.7": "0.0" },
    { "80.8": "0.0" },
    { "80.9": "0.0" },
    { "81.0": "0.0" },
    { "81.1": "0.0" },
    { "81.2": "0.0" },
    { "81.3": "0.0" },
    { "81.4": "0.0" },
    { "81.5": "0.0" },
    { "81.6": "0.0" },
    { "81.7": "0.0" },
    { "81.8": "0.0" },
    { "81.9": "0.0" },
    { "82.0": "0.0" },
    { "82.1": "0.0" },
    { "82.2": "0.0" },
    { "82.3": "0.0" },
    { "82.4": "0.0" },
    { "82.5": "0.0" },
    { "82.6": "0.0" },
    { "82.7": "0.0" },
    { "82.8": "0.0" },
    { "82.9": "0.0" },
    { "83.0": "0.0" },
    { "83.1": "0.0" },
    { "83.2": "0.0" },
    { "83.3": "0.0" },
    { "83.4": "1.5" },
    { "83.5": "2.9" },
    { "83.6": "3.6" },
    { "83.7": "4.4" },
    { "83.8": "4.8" },
    { "83.9": "5.1" },
    { "84.0": "5.6" },
    { "84.1": "5.7" },
    { "84.2": "5.6" },
    { "84.3": "5.4" },
    { "84.4": "5.3" },
    { "84.5": "5.4" },
    { "84.6": "5.6" },
    { "84.7": "5.6" },
    { "84.8": "5.5" },
    { "84.9": "5.5" },
    { "85.0": "5.4" },
    { "85.1": "5.4" },
    { "85.2": "5.2" },
    { "85.3": "5.2" },
    { "85.4": "5.1" },
    { "85.5": "4.9" },
    { "85.6": "5.0" },
    { "85.7": "4.9" },
    { "85.8": "5.0" },
    { "85.9": "4.9" },
    { "86.0": "4.7" },
    { "86.1": "4.6" },
    { "86.2": "4.9" },
    { "86.3": "4.7" },
    { "86.4": "4.6" },
    { "86.5": "4.5" },
    { "86.6": "1.7" },
    { "86.7": "0.2" },
    { "86.8": "0.0" },
    { "86.9": "0.0" },
    { "87.0": "0.0" },
    { "87.1": "0.0" },
    { "87.2": "0.0" },
    { "87.3": "0.0" },
    { "87.4": "0.0" },
    { "87.5": "0.0" },
    { "87.6": "0.0" },
    { "87.7": "0.0" },
    { "87.8": "0.0" },
    { "87.9": "0.0" },
    { "88.0": "0.0" },
    { "88.1": "0.0" },
    { "88.2": "0.0" },
    { "88.3": "0.1" },
    { "88.4": "0.0" },
    { "88.5": "0.0" },
    { "88.6": "0.0" },
    { "88.7": "0.0" },
    { "88.8": "0.0" },
    { "88.9": "0.0" },
    { "89.0": "0.0" },
    { "89.1": "0.0" },
    { "89.2": "0.0" },
    { "89.3": "0.0" },
    { "89.4": "0.0" },
    { "89.5": "0.0" },
    { "89.6": "0.0" },
    { "89.7": "0.0" },
    { "89.8": "0.0" },
    { "89.9": "0.0" },
    { "90.0": "0.0" },
    { "90.1": "0.0" },
    { "90.2": "0.0" },
    { "90.3": "0.0" },
    { "90.4": "0.0" },
    { "90.5": "0.0" },
    { "90.6": "0.0" },
    { "90.7": "0.0" },
    { "90.8": "0.0" },
    { "90.9": "0.0" },
    { "91.0": "0.0" },
    { "91.1": "0.0" },
    { "91.2": "0.0" },
    { "91.3": "0.0" },
    { "91.4": "0.0" },
    { "91.5": "0.0" },
    { "91.6": "0.0" },
    { "91.7": "0.0" },
    { "91.8": "0.0" },
    { "91.9": "0.0" },
    { "92.0": "0.1" },
    { "92.1": "0.0" },
    { "92.2": "0.0" },
    { "92.3": "0.0" },
    { "92.4": "0.0" },
    { "92.5": "0.0" },
    { "92.6": "0.0" },
    { "92.7": "0.0" },
    { "92.8": "0.0" },
    { "92.9": "0.0" },
    { "93.0": "0.0" },
    { "93.1": "0.0" },
    { "93.2": "0.0" },
    { "93.3": "0.0" },
    { "93.4": "0.0" },
    { "93.5": "0.0" },
    { "93.6": "0.0" },
    { "93.7": "0.1" },
    { "93.8": "0.0" },
    { "93.9": "0.0" },
    { "94.0": "0.0" },
    { "94.1": "0.0" },
    { "94.2": "0.0" },
    { "94.3": "0.0" },
    { "94.4": "0.0" },
    { "94.5": "0.0" },
    { "94.6": "0.0" },
    { "94.7": "0.0" },
    { "94.8": "0.0" },
    { "94.9": "0.0" },
    { "95.0": "0.0" },
    { "95.1": "0.0" },
    { "95.2": "0.0" },
    { "95.3": "0.0" },
    { "95.4": "0.0" },
    { "95.5": "0.0" },
    { "95.6": "0.0" },
    { "95.7": "0.0" },
    { "95.8": "0.1" },
    { "95.9": "0.0" },
    { "96.0": "0.0" },
    { "96.1": "0.0" },
    { "96.2": "0.0" },
    { "96.3": "0.0" },
    { "96.4": "0.0" },
    { "96.5": "0.0" },
    { "96.6": "0.0" },
    { "96.7": "0.0" },
    { "96.8": "0.0" },
    { "96.9": "0.0" },
    { "97.0": "0.0" },
    { "97.1": "0.0" },
    { "97.2": "0.0" },
    { "97.3": "0.0" },
    { "97.4": "0.0" },
    { "97.5": "0.0" },
    { "97.6": "0.0" },
    { "97.7": "0.0" },
    { "97.8": "0.0" },
    { "97.9": "0.0" },
    { "98.0": "0.0" },
    { "98.1": "0.0" },
    { "98.2": "0.0" },
    { "98.3": "0.0" },
    { "98.4": "0.0" },
    { "98.5": "0.0" },
    { "98.6": "0.0" },
    { "98.7": "0.0" },
    { "98.8": "0.0" },
    { "98.9": "0.0" },
    { "99.0": "0.0" },
    { "99.1": "0.0" },
    { "99.2": "0.0" },
    { "99.3": "0.0" },
    { "99.4": "0.0" },
    { "99.5": "0.0" },
    { "99.6": "0.0" },
    { "99.7": "0.0" },
    { "99.8": "0.0" },
    { "99.9": "0.0" },
    { "100.0": "0.0" },
    { "100.1": "0.0" },
    { "100.2": "0.0" },
    { "100.3": "0.0" },
    { "100.4": "0.0" },
    { "100.5": "0.0" },
    { "100.6": "0.0" },
    { "100.7": "0.0" },
    { "100.8": "0.0" },
    { "100.9": "0.0" },
    { "101.0": "0.0" },
    { "101.1": "0.0" },
    { "101.2": "0.0" },
    { "101.3": "0.0" },
    { "101.4": "0.0" },
    { "101.5": "0.0" },
    { "101.6": "0.0" },
    { "101.7": "0.0" },
    { "101.8": "0.0" },
    { "101.9": "0.0" },
    { "102.0": "0.0" },
    { "102.1": "0.0" },
    { "102.2": "0.0" },
    { "102.3": "0.0" },
    { "102.4": "0.0" },
    { "102.5": "0.0" },
    { "102.6": "0.0" },
    { "102.7": "0.0" },
    { "102.8": "0.0" },
    { "102.9": "0.0" },
    { "103.0": "0.0" },
    { "103.1": "0.0" },
    { "103.2": "0.0" },
    { "103.3": "0.0" },
    { "103.4": "0.0" },
    { "103.5": "0.0" },
    { "103.6": "0.0" },
    { "103.7": "0.3" },
    { "103.8": "1.0" },
    { "103.9": "1.7" },
    { "104.0": "2.2" },
    { "104.1": "3.0" },
    { "104.2": "3.6" },
    { "104.3": "4.3" },
    { "104.4": "4.7" },
    { "104.5": "4.9" },
    { "104.6": "5.0" },
    { "104.7": "5.0" },
    { "104.8": "4.7" },
    { "104.9": "4.3" },
    { "105.0": "4.2" },
    { "105.1": "4.4" },
    { "105.2": "4.4" },
    { "105.3": "4.4" },
    { "105.4": "4.5" },
    { "105.5": "4.6" },
    { "105.6": "4.4" },
    { "105.7": "4.3" },
    { "105.8": "4.2" },
    { "105.9": "4.3" },
    { "106.0": "4.3" },
    { "106.1": "4.4" },
    { "106.2": "4.5" },
    { "106.3": "4.6" },
    { "106.4": "4.6" },
    { "106.5": "4.1" },
    { "106.6": "0.9" },
    { "106.7": "0.1" },
    { "106.8": "0.1" },
    { "106.9": "0.0" },
    { "107.0": "0.0" },
    { "107.1": "0.0" },
    { "107.2": "0.0" },
    { "107.3": "0.0" },
    { "107.4": "0.0" },
    { "107.5": "0.0" },
    { "107.6": "0.0" },
    { "107.7": "0.0" },
    { "107.8": "0.0" },
    { "107.9": "0.0" },
    { "108.0": "0.0" },
    { "108.1": "0.0" },
    { "108.2": "0.0" },
    { "108.3": "0.0" },
    { "108.4": "0.0" },
    { "108.5": "0.0" },
    { "108.6": "0.0" },
    { "108.7": "0.0" },
    { "108.8": "0.0" },
    { "108.9": "0.0" },
    { "109.0": "0.0" },
    { "109.1": "0.0" },
    { "109.2": "0.0" },
    { "109.3": "0.0" },
    { "109.4": "0.0" },
    { "109.5": "0.0" },
    { "109.6": "0.0" },
    { "109.7": "0.0" },
    { "109.8": "0.0" },
    { "109.9": "0.0" },
    { "110.0": "0.0" },
    { "110.1": "0.0" },
    { "110.2": "0.0" },
    { "110.3": "0.0" },
    { "110.4": "0.0" },
    { "110.5": "1.1" },
    { "110.6": "2.7" },
    { "110.7": "3.7" },
    { "110.8": "4.3" },
    { "110.9": "5.0" },
    { "111.0": "5.3" },
    { "111.1": "5.2" },
    { "111.2": "5.1" },
    { "111.3": "5.2" },
    { "111.4": "5.1" },
    { "111.5": "4.7" },
    { "111.6": "4.5" },
    { "111.7": "4.4" },
    { "111.8": "4.3" },
    { "111.9": "4.2" },
    { "112.0": "4.2" },
    { "112.1": "4.3" },
    { "112.2": "4.3" },
    { "112.3": "4.4" },
    { "112.4": "4.4" },
    { "112.5": "4.4" },
    { "112.6": "4.4" },
    { "112.7": "4.4" },
    { "112.8": "4.4" },
    { "112.9": "4.5" },
    { "113.0": "4.5" },
    { "113.1": "4.6" },
    { "113.2": "4.4" },
    { "113.3": "4.2" },
    { "113.4": "2.9" },
    { "113.5": "0.5" },
    { "113.6": "0.1" },
    { "113.7": "0.0" },
    { "113.8": "0.0" },
    { "113.9": "0.0" },
    { "114.0": "0.0" },
    { "114.1": "0.0" },
    { "114.2": "0.0" },
    { "114.3": "0.0" },
    { "114.4": "0.0" },
    { "114.5": "0.0" },
    { "114.6": "0.0" },
    { "114.7": "0.0" },
    { "114.8": "0.0" },
    { "114.9": "0.0" },
    { "115.0": "0.0" },
    { "115.1": "0.0" },
    { "115.2": "0.0" },
    { "115.3": "0.0" },
    { "115.4": "0.0" },
    { "115.5": "0.0" },
    { "115.6": "0.0" },
    { "115.7": "0.0" },
    { "115.8": "0.0" },
    { "115.9": "0.0" },
    { "116.0": "0.1" },
    { "116.1": "0.0" },
    { "116.2": "0.0" },
    { "116.3": "0.0" },
    { "116.4": "0.0" },
    { "116.5": "0.0" },
    { "116.6": "0.0" },
    { "116.7": "0.0" },
    { "116.8": "0.0" },
    { "116.9": "0.0" },
    { "117.0": "0.0" },
    { "117.1": "0.1" },
    { "117.2": "0.0" },
    { "117.3": "0.0" },
    { "117.4": "0.1" },
    { "117.5": "0.1" },
    { "117.6": "0.7" },
    { "117.7": "1.6" },
    { "117.8": "2.7" },
    { "117.9": "3.7" },
    { "118.0": "4.1" },
    { "118.1": "4.5" },
    { "118.2": "4.8" },
    { "118.3": "5.1" },
    { "118.4": "5.3" },
    { "118.5": "5.4" },
    { "118.6": "5.5" },
    { "118.7": "5.5" },
    { "118.8": "5.8" },
    { "118.9": "5.8" },
    { "119.0": "5.8" },
    { "119.1": "5.8" },
    { "119.2": "5.7" },
    { "119.3": "5.5" },
    { "119.4": "5.4" },
    { "119.5": "5.1" },
    { "119.6": "5.3" },
    { "119.7": "5.3" },
    { "119.8": "5.3" },
    { "119.9": "5.3" },
    { "120.0": "5.3" },
    { "120.1": "5.2" },
    { "120.2": "5.1" },
    { "120.3": "5.0" },
    { "120.4": "4.8" },
    { "120.5": "4.7" },
    { "120.6": "4.8" },
    { "120.7": "4.9" },
    { "120.8": "5.0" },
    { "120.9": "5.0" },
    { "121.0": "5.1" },
    { "121.1": "5.0" },
    { "121.2": "5.0" },
    { "121.3": "4.7" },
    { "121.4": "2.5" },
    { "121.5": "0.7" },
    { "121.6": "0.2" },
    { "121.7": "0.1" },
    { "121.8": "0.0" },
    { "121.9": "0.0" },
    { "122.0": "0.0" },
    { "122.1": "0.0" },
    { "122.2": "0.1" },
    { "122.3": "0.0" },
    { "122.4": "0.0" },
    { "122.5": "0.0" },
    { "122.6": "0.0" },
    { "122.7": "0.0" },
    { "122.8": "0.0" },
    { "122.9": "0.0" },
    { "123.0": "0.0" },
    { "123.1": "0.0" },
    { "123.2": "0.0" },
    { "123.3": "0.0" },
    { "123.4": "0.0" },
    { "123.5": "0.0" },
    { "123.6": "0.0" },
    { "123.7": "0.0" },
    { "123.8": "0.0" },
    { "123.9": "0.0" },
    { "124.0": "0.0" },
    { "124.1": "0.0" },
    { "124.2": "0.0" },
    { "124.3": "0.0" },
    { "124.4": "0.0" },
    { "124.5": "0.0" },
    { "124.6": "0.0" },
    { "124.7": "0.0" },
    { "124.8": "0.0" },
    { "124.9": "0.0" },
    { "125.0": "0.1" },
    { "125.1": "0.1" },
    { "125.2": "0.2" },
    { "125.3": "0.9" },
    { "125.4": "1.7" },
    { "125.5": "3.3" },
    { "125.6": "4.2" },
    { "125.7": "4.6" },
    { "125.8": "4.8" },
    { "125.9": "4.9" },
    { "126.0": "4.8" },
    { "126.1": "4.8" },
    { "126.2": "4.9" },
    { "126.3": "5.0" },
    { "126.4": "5.0" },
    { "126.5": "5.0" },
    { "126.6": "5.0" },
    { "126.7": "4.9" },
    { "126.8": "5.1" },
    { "126.9": "5.2" },
    { "127.0": "5.2" },
    { "127.1": "5.1" },
    { "127.2": "4.9" },
    { "127.3": "4.8" },
    { "127.4": "4.8" },
    { "127.5": "4.8" },
    { "127.6": "4.7" },
    { "127.7": "4.7" },
    { "127.8": "4.5" },
    { "127.9": "4.4" },
    { "128.0": "4.6" },
    { "128.1": "4.6" },
    { "128.2": "4.6" },
    { "128.3": "4.5" },
    { "128.4": "4.3" },
    { "128.5": "4.3" },
    { "128.6": "4.4" },
    { "128.7": "4.2" },
    { "128.8": "4.3" },
    { "128.9": "4.4" },
    { "129.0": "4.4" },
    { "129.1": "4.4" },
    { "129.2": "4.4" },
    { "129.3": "4.2" },
    { "129.4": "2.4" },
    { "129.5": "0.8" },
    { "129.6": "0.2" },
    { "129.7": "0.1" },
    { "129.8": "0.0" },
    { "129.9": "0.0" },
    { "130.0": "0.0" },
    { "130.1": "0.0" },
    { "130.2": "0.0" },
    { "130.3": "0.0" },
    { "130.4": "0.0" },
    { "130.5": "0.0" },
    { "130.6": "0.0" },
    { "130.7": "0.0" },
    { "130.8": "0.0" },
    { "130.9": "0.1" },
    { "131.0": "0.0" },
    { "131.1": "0.0" },
    { "131.2": "0.0" },
    { "131.3": "0.0" },
    { "131.4": "0.0" },
    { "131.5": "0.0" },
    { "131.6": "0.0" },
    { "131.7": "0.0" },
    { "131.8": "0.0" },
    { "131.9": "0.0" },
    { "132.0": "0.0" },
    { "132.1": "0.0" },
    { "132.2": "0.0" },
    { "132.3": "0.0" },
    { "132.4": "0.1" },
    { "132.5": "0.0" },
    { "132.6": "0.1" },
    { "132.7": "0.1" },
    { "132.8": "0.0" },
    { "132.9": "0.1" },
    { "133.0": "0.1" },
    { "133.1": "0.1" },
    { "133.2": "0.2" },
    { "133.3": "0.4" },
    { "133.4": "1.0" },
    { "133.5": "2.1" },
    { "133.6": "3.2" },
    { "133.7": "3.9" },
    { "133.8": "4.4" },
    { "133.9": "4.8" },
    { "134.0": "5.1" },
    { "134.1": "5.3" },
    { "134.2": "5.6" },
    { "134.3": "5.7" },
    { "134.4": "5.7" },
    { "134.5": "5.5" },
    { "134.6": "5.1" },
    { "134.7": "5.2" },
    { "134.8": "5.2" },
    { "134.9": "5.0" },
    { "135.0": "4.9" },
    { "135.1": "4.8" },
    { "135.2": "4.9" },
    { "135.3": "5.0" },
    { "135.4": "5.1" },
    { "135.5": "4.8" },
    { "135.6": "4.7" },
    { "135.7": "4.8" },
    { "135.8": "4.9" },
    { "135.9": "5.0" },
    { "136.0": "4.9" },
    { "136.1": "4.8" },
    { "136.2": "4.4" },
    { "136.3": "4.6" },
    { "136.4": "4.7" },
    { "136.5": "4.6" },
    { "136.6": "4.5" },
    { "136.7": "4.6" },
    { "136.8": "4.4" },
    { "136.9": "4.2" },
    { "137.0": "4.4" },
    { "137.1": "4.6" },
    { "137.2": "4.6" },
    { "137.3": "4.5" },
    { "137.4": "3.5" },
    { "137.5": "0.9" },
    { "137.6": "0.1" },
    { "137.7": "0.1" },
    { "137.8": "0.0" },
    { "137.9": "0.0" },
    { "138.0": "0.0" },
    { "138.1": "0.0" },
    { "138.2": "0.0" },
    { "138.3": "0.0" },
    { "138.4": "0.0" },
    { "138.5": "0.0" },
    { "138.6": "0.0" },
    { "138.7": "0.0" },
    { "138.8": "0.0" },
    { "138.9": "0.0" },
    { "139.0": "0.0" },
    { "139.1": "0.0" },
    { "139.2": "0.0" },
    { "139.3": "0.0" },
    { "139.4": "0.0" },
    { "139.5": "0.0" },
    { "139.6": "0.0" },
    { "139.7": "0.0" },
    { "139.8": "0.0" },
    { "139.9": "0.0" },
    { "140.0": "0.0" },
    { "140.1": "0.0" },
    { "140.2": "0.0" },
    { "140.3": "0.0" },
    { "140.4": "0.0" },
    { "140.5": "0.0" },
    { "140.6": "0.0" },
    { "140.7": "0.0" },
    { "140.8": "0.1" },
    { "140.9": "0.0" },
    { "141.0": "0.0" },
    { "141.1": "0.0" },
    { "141.2": "0.0" },
    { "141.3": "0.0" },
    { "141.4": "0.0" },
    { "141.5": "0.0" },
    { "141.6": "0.0" },
    { "141.7": "0.0" },
    { "141.8": "0.0" },
    { "141.9": "0.0" },
    { "142.0": "0.0" },
    { "142.1": "0.0" },
    { "142.2": "0.0" },
    { "142.3": "0.0" },
    { "142.4": "0.0" },
    { "142.5": "0.0" },
    { "142.6": "0.0" },
    { "142.7": "0.0" },
    { "142.8": "0.0" },
    { "142.9": "0.0" },
    { "143.0": "0.0" },
    { "143.1": "0.0" },
    { "143.2": "0.0" },
    { "143.3": "0.0" },
    { "143.4": "0.0" },
    { "143.5": "0.0" },
    { "143.6": "0.0" },
    { "143.7": "0.0" },
    { "143.8": "0.0" },
    { "143.9": "0.0" },
    { "144.0": "0.0" },
    { "144.1": "0.0" },
    { "144.2": "0.0" },
    { "144.3": "0.0" },
    { "144.4": "0.0" },
    { "144.5": "0.0" },
    { "144.6": "0.0" },
    { "144.7": "0.0" },
    { "144.8": "0.0" },
    { "144.9": "0.0" },
    { "145.0": "0.0" },
    { "145.1": "0.0" },
    { "145.2": "0.0" },
    { "145.3": "0.0" },
    { "145.4": "0.0" },
    { "145.5": "0.0" },
    { "145.6": "0.0" },
    { "145.7": "0.0" },
    { "145.8": "0.0" },
    { "145.9": "0.0" },
    { "146.0": "0.0" },
    { "146.1": "0.0" },
    { "146.2": "0.0" },
    { "146.3": "0.0" },
    { "146.4": "0.0" },
    { "146.5": "0.0" },
    { "146.6": "0.0" },
    { "146.7": "0.0" },
    { "146.8": "0.0" },
    { "146.9": "0.0" },
    { "147.0": "0.0" },
    { "147.1": "0.0" },
    { "147.2": "0.0" },
    { "147.3": "0.0" },
    { "147.4": "0.0" },
    { "147.5": "0.0" },
    { "147.6": "0.0" },
    { "147.7": "0.0" },
    { "147.8": "0.0" },
    { "147.9": "0.0" },
    { "148.0": "0.0" },
    { "148.1": "0.0" },
    { "148.2": "0.0" },
    { "148.3": "0.0" },
    { "148.4": "0.0" },
    { "148.5": "0.0" },
    { "148.6": "0.0" },
    { "148.7": "0.0" },
    { "148.8": "0.0" },
    { "148.9": "0.0" },
    { "149.0": "0.0" },
    { "149.1": "0.0" },
    { "149.2": "0.0" },
    { "149.3": "0.1" },
    { "149.4": "0.0" },
    { "149.5": "0.0" },
    { "149.6": "0.0" },
    { "149.7": "0.0" },
    { "149.8": "0.0" },
    { "149.9": "0.0" },
    { "150.0": "0.0" },
    { "150.1": "0.0" },
    { "150.2": "0.0" },
    { "150.3": "0.0" },
    { "150.4": "0.0" },
    { "150.5": "0.0" },
    { "150.6": "0.0" },
    { "150.7": "0.0" },
    { "150.8": "0.1" },
    { "150.9": "0.0" },
    { "151.0": "0.0" },
    { "151.1": "0.0" },
    { "151.2": "0.0" },
    { "151.3": "0.0" },
    { "151.4": "0.0" },
    { "151.5": "0.0" },
    { "151.6": "0.0" },
    { "151.7": "0.0" },
    { "151.8": "0.0" },
    { "151.9": "0.0" },
    { "152.0": "0.0" },
    { "152.1": "0.0" },
    { "152.2": "0.0" },
    { "152.3": "0.0" },
    { "152.4": "0.0" },
    { "152.5": "0.0" },
    { "152.6": "0.0" },
    { "152.7": "0.0" },
    { "152.8": "0.0" },
    { "152.9": "0.0" },
    { "153.0": "0.0" },
    { "153.1": "0.0" },
    { "153.2": "0.0" },
    { "153.3": "0.0" },
    { "153.4": "0.0" },
    { "153.5": "0.0" },
    { "153.6": "0.0" },
    { "153.7": "0.0" },
    { "153.8": "0.0" },
    { "153.9": "0.0" },
    { "154.0": "0.0" },
    { "154.1": "0.0" },
    { "154.2": "0.0" },
    { "154.3": "0.0" },
    { "154.4": "0.1" },
    { "154.5": "0.3" },
    { "154.6": "1.0" },
    { "154.7": "1.9" },
    { "154.8": "2.8" },
    { "154.9": "3.3" },
    { "155.0": "3.7" },
    { "155.1": "3.9" },
    { "155.2": "4.1" },
    { "155.3": "4.2" },
    { "155.4": "4.1" },
    { "155.5": "4.0" },
    { "155.6": "4.0" },
    { "155.7": "4.1" },
    { "155.8": "4.2" },
    { "155.9": "4.2" },
    { "156.0": "4.3" },
    { "156.1": "4.3" },
    { "156.2": "4.3" },
    { "156.3": "4.3" },
    { "156.4": "4.3" },
    { "156.5": "4.3" },
    { "156.6": "3.7" },
    { "156.7": "1.1" },
    { "156.8": "0.1" },
    { "156.9": "0.0" },
    { "157.0": "0.0" },
    { "157.1": "0.0" },
    { "157.2": "0.0" },
    { "157.3": "0.0" },
    { "157.4": "0.0" },
    { "157.5": "0.0" },
    { "157.6": "0.0" },
    { "157.7": "0.0" },
    { "157.8": "0.0" },
    { "157.9": "0.0" },
    { "158.0": "0.0" },
    { "158.1": "0.0" },
    { "158.2": "0.0" },
    { "158.3": "0.0" },
    { "158.4": "0.0" },
    { "158.5": "0.0" },
    { "158.6": "0.0" },
    { "158.7": "0.0" },
    { "158.8": "0.0" },
    { "158.9": "0.0" },
    { "159.0": "0.0" },
    { "159.1": "0.0" },
    { "159.2": "0.0" },
    { "159.3": "0.0" },
    { "159.4": "0.0" },
    { "159.5": "0.0" },
    { "159.6": "0.0" },
    { "159.7": "0.0" },
    { "159.8": "0.0" },
    { "159.9": "0.1" },
    { "160.0": "0.0" },
    { "160.1": "0.0" },
    { "160.2": "0.0" },
    { "160.3": "0.0" },
    { "160.4": "0.0" },
    { "160.5": "0.0" },
    { "160.6": "0.0" },
    { "160.7": "0.1" },
    { "160.8": "0.0" },
    { "160.9": "0.0" },
    { "161.0": "0.1" },
    { "161.1": "0.2" },
    { "161.2": "1.2" },
    { "161.3": "2.3" },
    { "161.4": "3.4" },
    { "161.5": "4.1" },
    { "161.6": "4.5" },
    { "161.7": "4.8" },
    { "161.8": "5.0" },
    { "161.9": "5.0" },
    { "162.0": "5.0" },
    { "162.1": "4.9" },
    { "162.2": "4.8" },
    { "162.3": "4.7" },
    { "162.4": "4.7" },
    { "162.5": "4.8" },
    { "162.6": "4.8" },
    { "162.7": "4.8" },
    { "162.8": "4.7" },
    { "162.9": "4.6" },
    { "163.0": "4.6" },
    { "163.1": "4.5" },
    { "163.2": "4.5" },
    { "163.3": "4.4" },
    { "163.4": "4.4" },
    { "163.5": "4.4" },
    { "163.6": "4.4" },
    { "163.7": "4.4" },
    { "163.8": "4.3" },
    { "163.9": "4.3" },
    { "164.0": "4.1" },
    { "164.1": "4.2" },
    { "164.2": "4.3" },
    { "164.3": "4.3" },
    { "164.4": "4.3" },
    { "164.5": "2.3" },
    { "164.6": "0.3" },
    { "164.7": "0.1" },
    { "164.8": "0.0" },
    { "164.9": "0.0" },
    { "165.0": "0.0" },
    { "165.1": "0.0" },
    { "165.2": "0.0" },
    { "165.3": "0.0" },
    { "165.4": "0.0" },
    { "165.5": "0.0" },
    { "165.6": "0.1" },
    { "165.7": "0.0" },
    { "165.8": "0.0" },
    { "165.9": "0.0" },
    { "166.0": "0.0" },
    { "166.1": "0.0" },
    { "166.2": "0.0" },
    { "166.3": "0.0" },
    { "166.4": "0.0" },
    { "166.5": "0.0" },
    { "166.6": "0.0" },
    { "166.7": "0.0" },
    { "166.8": "0.0" },
    { "166.9": "0.1" },
    { "167.0": "0.0" },
    { "167.1": "0.0" },
    { "167.2": "0.0" },
    { "167.3": "0.0" },
    { "167.4": "0.0" },
    { "167.5": "0.0" },
    { "167.6": "0.0" },
    { "167.7": "0.0" },
    { "167.8": "0.0" },
    { "167.9": "0.0" },
    { "168.0": "0.0" },
    { "168.1": "0.0" },
    { "168.2": "0.1" },
    { "168.3": "0.1" },
    { "168.4": "0.3" },
    { "168.5": "0.8" },
    { "168.6": "1.7" },
    { "168.7": "2.8" },
    { "168.8": "3.7" },
    { "168.9": "4.1" },
    { "169.0": "4.5" },
    { "169.1": "4.7" },
    { "169.2": "4.9" },
    { "169.3": "5.0" },
    { "169.4": "5.1" },
    { "169.5": "5.1" },
    { "169.6": "4.9" },
    { "169.7": "4.8" },
    { "169.8": "4.8" },
    { "169.9": "4.8" },
    { "170.0": "4.9" },
    { "170.1": "4.8" },
    { "170.2": "4.8" },
    { "170.3": "4.8" },
    { "170.4": "4.8" },
    { "170.5": "4.7" },
    { "170.6": "4.7" },
    { "170.7": "4.7" },
    { "170.8": "4.6" },
    { "170.9": "4.6" },
    { "171.0": "4.6" },
    { "171.1": "4.5" },
    { "171.2": "4.5" },
    { "171.3": "4.5" },
    { "171.4": "4.5" },
    { "171.5": "4.2" },
    { "171.6": "4.2" },
    { "171.7": "4.4" },
    { "171.8": "4.3" },
    { "171.9": "4.3" },
    { "172.0": "4.3" },
    { "172.1": "4.4" },
    { "172.2": "4.3" },
    { "172.3": "4.4" },
    { "172.4": "4.5" },
    { "172.5": "3.5" },
    { "172.6": "0.5" },
    { "172.7": "0.1" },
    { "172.8": "0.1" },
    { "172.9": "0.0" },
    { "173.0": "0.0" },
    { "173.1": "0.0" },
    { "173.2": "0.0" },
    { "173.3": "0.0" },
    { "173.4": "0.0" },
    { "173.5": "0.0" },
    { "173.6": "0.0" },
    { "173.7": "0.0" },
    { "173.8": "0.0" },
    { "173.9": "0.0" },
    { "174.0": "0.0" },
    { "174.1": "0.0" },
    { "174.2": "0.0" },
    { "174.3": "0.0" },
    { "174.4": "0.0" },
    { "174.5": "0.0" },
    { "174.6": "0.0" },
    { "174.7": "0.0" },
    { "174.8": "0.0" },
    { "174.9": "0.0" },
    { "175.0": "0.0" },
    { "175.1": "0.0" },
    { "175.2": "0.0" },
    { "175.3": "0.0" },
    { "175.4": "0.0" },
    { "175.5": "0.0" },
    { "175.6": "0.0" },
    { "175.7": "0.0" },
    { "175.8": "0.0" },
    { "175.9": "0.0" },
    { "176.0": "0.0" },
    { "176.1": "0.0" },
    { "176.2": "0.1" },
    { "176.3": "0.1" },
    { "176.4": "0.1" },
    { "176.5": "1.2" },
    { "176.6": "2.1" },
    { "176.7": "3.1" },
    { "176.8": "3.7" },
    { "176.9": "4.0" },
    { "177.0": "4.3" },
    { "177.1": "4.6" },
    { "177.2": "4.7" },
    { "177.3": "4.9" },
    { "177.4": "4.9" },
    { "177.5": "4.9" },
    { "177.6": "4.9" },
    { "177.7": "4.9" },
    { "177.8": "5.0" },
    { "177.9": "5.1" },
    { "178.0": "4.9" },
    { "178.1": "4.8" },
    { "178.2": "4.8" },
    { "178.3": "4.9" },
    { "178.4": "4.9" },
    { "178.5": "5.0" },
    { "178.6": "4.9" },
    { "178.7": "4.8" },
    { "178.8": "4.7" },
    { "178.9": "4.7" },
    { "179.0": "4.5" },
    { "179.1": "4.7" },
    { "179.2": "4.8" },
    { "179.3": "4.8" },
    { "179.4": "4.7" },
    { "179.5": "4.7" },
    { "179.6": "4.7" },
    { "179.7": "4.8" },
    { "179.8": "4.7" },
    { "179.9": "4.7" },
    { "180.0": "4.7" },
    { "180.1": "4.7" },
    { "180.2": "4.6" },
    { "180.3": "4.4" },
    { "180.4": "3.5" },
    { "180.5": "0.7" },
    { "180.6": "0.1" },
    { "180.7": "0.0" },
    { "180.8": "0.0" },
    { "180.9": "0.0" },
    { "181.0": "0.0" },
    { "181.1": "0.0" },
    { "181.2": "0.0" },
    { "181.3": "0.0" },
    { "181.4": "0.0" },
    { "181.5": "0.0" },
    { "181.6": "0.0" },
    { "181.7": "0.0" },
    { "181.8": "0.0" },
    { "181.9": "0.0" },
    { "182.0": "0.0" },
    { "182.1": "0.0" },
    { "182.2": "0.0" },
    { "182.3": "0.0" },
    { "182.4": "0.0" },
    { "182.5": "0.0" },
    { "182.6": "0.0" },
    { "182.7": "0.0" },
    { "182.8": "0.0" },
    { "182.9": "0.0" },
    { "183.0": "0.0" },
    { "183.1": "0.0" },
    { "183.2": "0.0" },
    { "183.3": "0.0" },
    { "183.4": "0.0" },
    { "183.5": "0.0" },
    { "183.6": "0.0" },
    { "183.7": "0.0" },
    { "183.8": "0.0" },
    { "183.9": "0.0" },
    { "184.0": "0.1" },
    { "184.1": "0.0" },
    { "184.2": "0.0" },
    { "184.3": "0.0" },
    { "184.4": "0.0" },
    { "184.5": "0.0" },
    { "184.6": "0.1" },
    { "184.7": "0.0" },
    { "184.8": "0.0" },
    { "184.9": "0.0" },
    { "185.0": "0.0" },
    { "185.1": "0.0" },
    { "185.2": "0.0" },
    { "185.3": "0.0" },
    { "185.4": "0.8" },
    { "185.5": "2.5" },
    { "185.6": "3.4" },
    { "185.7": "4.1" },
    { "185.8": "4.6" },
    { "185.9": "4.7" },
    { "186.0": "4.7" },
    { "186.1": "4.7" },
    { "186.2": "4.5" },
    { "186.3": "4.3" },
    { "186.4": "4.4" },
    { "186.5": "4.5" },
    { "186.6": "4.6" },
    { "186.7": "4.6" },
    { "186.8": "4.7" },
    { "186.9": "4.6" },
    { "187.0": "4.6" },
    { "187.1": "4.7" },
    { "187.2": "4.7" },
    { "187.3": "4.6" },
    { "187.4": "4.6" },
    { "187.5": "4.5" },
    { "187.6": "4.5" },
    { "187.7": "4.5" },
    { "187.8": "4.5" },
    { "187.9": "4.7" },
    { "188.0": "4.6" },
    { "188.1": "4.6" },
    { "188.2": "4.5" },
    { "188.3": "4.5" },
    { "188.4": "4.5" },
    { "188.5": "4.2" },
    { "188.6": "1.8" },
    { "188.7": "2.0" },
    { "188.8": "0.4" },
    { "188.9": "0.0" },
    { "189.0": "0.0" },
    { "189.1": "0.0" },
    { "189.2": "0.0" },
    { "189.3": "0.0" },
    { "189.4": "0.0" },
    { "189.5": "0.0" },
    { "189.6": "0.0" },
    { "189.7": "0.0" },
    { "189.8": "0.0" },
    { "189.9": "0.0" },
    { "190.0": "0.0" },
    { "190.1": "0.1" },
    { "190.2": "0.0" },
    { "190.3": "0.0" },
    { "190.4": "0.0" },
    { "190.5": "0.0" },
    { "190.6": "0.0" },
    { "190.7": "0.0" },
    { "190.8": "0.0" },
    { "190.9": "0.0" },
    { "191.0": "0.0" },
    { "191.1": "0.0" },
    { "191.2": "0.0" },
    { "191.3": "0.0" },
    { "191.4": "0.0" },
    { "191.5": "0.0" },
    { "191.6": "0.0" },
    { "191.7": "0.1" },
    { "191.8": "0.0" },
    { "191.9": "0.0" },
    { "192.0": "0.0" },
    { "192.1": "0.0" },
    { "192.2": "0.0" },
    { "192.3": "0.0" },
    { "192.4": "0.0" },
    { "192.5": "0.0" },
    { "192.6": "0.0" },
    { "192.7": "0.0" },
    { "192.8": "0.0" },
    { "192.9": "0.0" },
    { "193.0": "0.0" },
    { "193.1": "0.0" },
    { "193.2": "0.0" },
    { "193.3": "0.0" },
    { "193.4": "0.0" },
    { "193.5": "0.0" },
    { "193.6": "0.0" },
    { "193.7": "0.0" },
    { "193.8": "0.0" },
    { "193.9": "0.0" },
    { "194.0": "0.0" },
    { "194.1": "0.0" },
    { "194.2": "0.0" },
    { "194.3": "0.0" },
    { "194.4": "0.0" },
    { "194.5": "0.0" },
    { "194.6": "0.0" },
    { "194.7": "0.0" },
    { "194.8": "0.0" },
    { "194.9": "0.0" },
    { "195.0": "0.1" },
    { "195.1": "0.0" },
    { "195.2": "0.0" },
    { "195.3": "0.0" },
    { "195.4": "0.0" },
    { "195.5": "0.0" },
    { "195.6": "0.0" },
    { "195.7": "0.0" },
    { "195.8": "0.0" },
    { "195.9": "0.0" },
    { "196.0": "0.0" },
    { "196.1": "0.0" },
    { "196.2": "0.1" },
    { "196.3": "0.0" },
    { "196.4": "0.0" },
    { "196.5": "0.0" },
    { "196.6": "0.0" },
    { "196.7": "0.0" },
    { "196.8": "0.0" },
    { "196.9": "0.0" },
    { "197.0": "0.0" },
    { "197.1": "0.0" },
    { "197.2": "0.0" },
    { "197.3": "0.0" },
    { "197.4": "0.0" },
    { "197.5": "0.0" },
    { "197.6": "0.0" },
    { "197.7": "0.0" },
    { "197.8": "0.0" },
    { "197.9": "0.0" },
    { "198.0": "0.0" },
    { "198.1": "0.0" },
    { "198.2": "0.0" },
    { "198.3": "0.0" },
    { "198.4": "0.0" },
    { "198.5": "0.0" },
    { "198.6": "0.0" },
    { "198.7": "0.0" },
    { "198.8": "0.0" },
    { "198.9": "0.0" },
    { "199.0": "0.0" },
    { "199.1": "0.0" },
    { "199.2": "0.0" },
    { "199.3": "0.0" },
    { "199.4": "0.0" },
    { "199.5": "0.0" },
    { "199.6": "0.0" },
    { "199.7": "0.0" },
    { "199.8": "0.0" },
    { "199.9": "0.0" },
    { "200.0": "0.0" },
    { "200.1": "0.0" },
    { "200.2": "0.0" },
    { "200.3": "0.0" },
    { "200.4": "0.0" },
    { "200.5": "0.0" },
    { "200.6": "0.0" },
    { "200.7": "0.0" },
    { "200.8": "0.0" },
    { "200.9": "0.0" },
    { "201.0": "0.0" },
    { "201.1": "0.0" },
    { "201.2": "0.0" },
    { "201.3": "0.0" },
    { "201.4": "0.0" },
    { "201.5": "0.0" },
    { "201.6": "0.0" },
    { "201.7": "0.0" },
    { "201.8": "0.0" },
    { "201.9": "0.0" },
    { "202.0": "0.0" },
    { "202.1": "0.0" },
    { "202.2": "0.0" },
    { "202.3": "0.0" },
    { "202.4": "0.0" },
    { "202.5": "0.0" },
    { "202.6": "0.0" },
    { "202.7": "0.0" },
    { "202.8": "0.0" },
    { "202.9": "0.0" },
    { "203.0": "0.0" },
    { "203.1": "0.0" },
    { "203.2": "0.0" },
    { "203.3": "0.0" },
    { "203.4": "0.0" },
    { "203.5": "0.0" },
    { "203.6": "0.0" },
    { "203.7": "0.0" },
    { "203.8": "0.0" },
    { "203.9": "0.0" },
    { "204.0": "0.0" },
    { "204.1": "0.0" },
    { "204.2": "0.0" },
    { "204.3": "0.0" },
    { "204.4": "0.0" },
    { "204.5": "0.0" },
    { "204.6": "0.1" },
    { "204.7": "0.0" },
    { "204.8": "0.0" },
    { "204.9": "0.0" },
    { "205.0": "0.0" },
    { "205.1": "0.0" },
    { "205.2": "0.0" },
    { "205.3": "0.0" },
    { "205.4": "0.0" },
    { "205.5": "0.0" },
    { "205.6": "0.0" },
    { "205.7": "0.5" },
    { "205.8": "1.5" },
    { "205.9": "2.0" },
    { "206.0": "2.7" },
    { "206.1": "3.2" },
    { "206.2": "3.5" },
    { "206.3": "3.8" },
    { "206.4": "4.2" },
    { "206.5": "4.4" },
    { "206.6": "4.5" },
    { "206.7": "4.3" },
    { "206.8": "4.2" },
    { "206.9": "4.3" },
    { "207.0": "4.5" },
    { "207.1": "4.6" },
    { "207.2": "5.0" },
    { "207.3": "5.3" },
    { "207.4": "5.3" },
    { "207.5": "5.3" },
    { "207.6": "5.1" },
    { "207.7": "4.9" },
    { "207.8": "4.9" },
    { "207.9": "4.9" },
    { "208.0": "5.0" },
    { "208.1": "5.0" },
    { "208.2": "5.1" },
    { "208.3": "4.9" },
    { "208.4": "2.2" },
    { "208.5": "0.2" },
    { "208.6": "0.1" },
    { "208.7": "0.0" },
    { "208.8": "0.0" },
    { "208.9": "0.0" },
    { "209.0": "0.0" },
    { "209.1": "0.0" },
    { "209.2": "0.0" },
    { "209.3": "0.0" },
    { "209.4": "0.0" },
    { "209.5": "0.0" },
    { "209.6": "0.0" },
    { "209.7": "0.0" },
    { "209.8": "0.0" },
    { "209.9": "0.0" },
    { "210.0": "0.0" },
    { "210.1": "0.0" },
    { "210.2": "0.0" },
    { "210.3": "0.0" },
    { "210.4": "0.0" },
    { "210.5": "0.0" },
    { "210.6": "0.0" },
    { "210.7": "0.0" },
    { "210.8": "0.0" },
    { "210.9": "0.1" },
    { "211.0": "0.0" },
    { "211.1": "0.0" },
    { "211.2": "0.0" },
    { "211.3": "0.0" },
    { "211.4": "0.0" },
    { "211.5": "0.0" },
    { "211.6": "0.0" },
    { "211.7": "0.0" },
    { "211.8": "0.0" },
    { "211.9": "0.0" },
    { "212.0": "0.0" },
    { "212.1": "0.0" },
    { "212.2": "0.0" },
    { "212.3": "0.0" },
    { "212.4": "0.0" },
    { "212.5": "0.6" },
    { "212.6": "1.9" },
    { "212.7": "2.7" },
    { "212.8": "3.5" },
    { "212.9": "3.9" },
    { "213.0": "4.3" },
    { "213.1": "4.5" },
    { "213.2": "4.7" },
    { "213.3": "4.9" },
    { "213.4": "4.8" },
    { "213.5": "4.5" },
    { "213.6": "4.6" },
    { "213.7": "4.5" },
    { "213.8": "4.6" },
    { "213.9": "4.8" },
    { "214.0": "4.6" },
    { "214.1": "4.5" },
    { "214.2": "4.4" },
    { "214.3": "4.3" },
    { "214.4": "4.2" },
    { "214.5": "4.2" },
    { "214.6": "4.2" },
    { "214.7": "4.3" },
    { "214.8": "4.3" },
    { "214.9": "4.5" },
    { "215.0": "4.5" },
    { "215.1": "4.5" },
    { "215.2": "4.5" },
    { "215.3": "4.5" },
    { "215.4": "4.4" },
    { "215.5": "4.3" },
    { "215.6": "4.6" },
    { "215.7": "4.6" },
    { "215.8": "3.6" },
    { "215.9": "0.8" },
    { "216.0": "0.2" },
    { "216.1": "0.1" },
    { "216.2": "0.0" },
    { "216.3": "0.0" },
    { "216.4": "0.0" },
    { "216.5": "0.0" },
    { "216.6": "0.0" },
    { "216.7": "0.0" },
    { "216.8": "0.0" },
    { "216.9": "0.0" },
    { "217.0": "0.0" },
    { "217.1": "0.0" },
    { "217.2": "0.0" },
    { "217.3": "0.0" },
    { "217.4": "0.0" },
    { "217.5": "0.0" },
    { "217.6": "0.0" },
    { "217.7": "0.0" },
    { "217.8": "0.0" },
    { "217.9": "0.0" },
    { "218.0": "0.0" },
    { "218.1": "0.0" },
    { "218.2": "0.0" },
    { "218.3": "0.1" },
    { "218.4": "0.0" },
    { "218.5": "0.0" },
    { "218.6": "0.0" },
    { "218.7": "0.0" },
    { "218.8": "0.0" },
    { "218.9": "0.0" },
    { "219.0": "0.0" },
    { "219.1": "0.0" },
    { "219.2": "0.0" },
    { "219.3": "0.0" },
    { "219.4": "0.0" },
    { "219.5": "0.1" },
    { "219.6": "0.1" },
    { "219.7": "0.5" },
    { "219.8": "1.0" },
    { "219.9": "1.8" },
    { "220.0": "2.5" },
    { "220.1": "3.4" },
    { "220.2": "3.8" },
    { "220.3": "4.1" },
    { "220.4": "4.3" },
    { "220.5": "4.5" },
    { "220.6": "4.7" },
    { "220.7": "4.9" },
    { "220.8": "5.1" },
    { "220.9": "5.3" },
    { "221.0": "5.1" },
    { "221.1": "4.9" },
    { "221.2": "4.8" },
    { "221.3": "4.8" },
    { "221.4": "4.9" },
    { "221.5": "4.8" },
    { "221.6": "4.7" },
    { "221.7": "4.7" },
    { "221.8": "4.7" },
    { "221.9": "4.6" },
    { "222.0": "4.6" },
    { "222.1": "4.6" },
    { "222.2": "4.5" },
    { "222.3": "4.5" },
    { "222.4": "4.6" },
    { "222.5": "4.6" },
    { "222.6": "4.7" },
    { "222.7": "4.7" },
    { "222.8": "4.6" },
    { "222.9": "4.5" },
    { "223.0": "4.4" },
    { "223.1": "4.4" },
    { "223.2": "4.4" },
    { "223.3": "4.3" },
    { "223.4": "4.0" },
    { "223.5": "2.7" },
    { "223.6": "0.5" },
    { "223.7": "0.1" },
    { "223.8": "0.0" },
    { "223.9": "0.0" },
    { "224.0": "0.0" },
    { "224.1": "0.0" },
    { "224.2": "0.0" },
    { "224.3": "0.0" },
    { "224.4": "0.0" },
    { "224.5": "0.0" },
    { "224.6": "0.0" },
    { "224.7": "0.0" },
    { "224.8": "0.0" },
    { "224.9": "0.0" },
    { "225.0": "0.0" },
    { "225.1": "0.0" },
    { "225.2": "0.0" },
    { "225.3": "0.0" },
    { "225.4": "0.0" },
    { "225.5": "0.0" },
    { "225.6": "0.0" },
    { "225.7": "0.0" },
    { "225.8": "0.0" },
    { "225.9": "0.0" },
    { "226.0": "0.0" },
    { "226.1": "0.0" },
    { "226.2": "0.0" },
    { "226.3": "0.0" },
    { "226.4": "0.0" },
    { "226.5": "0.0" },
    { "226.6": "0.0" },
    { "226.7": "0.0" },
    { "226.8": "0.1" },
    { "226.9": "0.0" },
    { "227.0": "0.0" },
    { "227.1": "0.0" },
    { "227.2": "0.0" },
    { "227.3": "0.0" },
    { "227.4": "0.0" },
    { "227.5": "0.0" },
    { "227.6": "0.0" },
    { "227.7": "0.0" },
    { "227.8": "0.0" },
    { "227.9": "0.0" },
    { "228.0": "0.1" },
    { "228.1": "0.0" },
    { "228.2": "0.0" },
    { "228.3": "0.0" },
    { "228.4": "0.1" },
    { "228.5": "0.4" },
    { "228.6": "1.0" },
    { "228.7": "1.7" },
    { "228.8": "2.4" },
    { "228.9": "3.0" },
    { "229.0": "3.4" },
    { "229.1": "3.8" },
    { "229.2": "4.1" },
    { "229.3": "4.5" },
    { "229.4": "5.0" },
    { "229.5": "5.1" },
    { "229.6": "5.2" },
    { "229.7": "5.2" },
    { "229.8": "5.2" },
    { "229.9": "5.1" },
    { "230.0": "5.1" },
    { "230.1": "5.2" },
    { "230.2": "5.0" },
    { "230.3": "4.9" },
    { "230.4": "4.9" },
    { "230.5": "4.8" },
    { "230.6": "5.0" },
    { "230.7": "5.1" },
    { "230.8": "5.0" },
    { "230.9": "5.0" },
    { "231.0": "4.8" },
    { "231.1": "4.8" },
    { "231.2": "4.8" },
    { "231.3": "5.0" },
    { "231.4": "5.0" },
    { "231.5": "3.9" },
    { "231.6": "0.6" },
    { "231.7": "0.1" },
    { "231.8": "0.0" },
    { "231.9": "0.0" },
    { "232.0": "0.0" },
    { "232.1": "0.0" },
    { "232.2": "0.0" },
    { "232.3": "0.0" },
    { "232.4": "0.0" },
    { "232.5": "0.0" },
    { "232.6": "0.0" },
    { "232.7": "0.0" },
    { "232.8": "0.0" },
    { "232.9": "0.0" },
    { "233.0": "0.0" },
    { "233.1": "0.0" },
    { "233.2": "0.0" },
    { "233.3": "0.0" },
    { "233.4": "0.0" },
    { "233.5": "0.0" },
    { "233.6": "0.0" },
    { "233.7": "0.0" },
    { "233.8": "0.0" },
    { "233.9": "0.0" },
    { "234.0": "0.0" },
    { "234.1": "0.0" },
    { "234.2": "0.0" },
    { "234.3": "0.0" },
    { "234.4": "0.0" },
    { "234.5": "0.0" },
    { "234.6": "0.0" },
    { "234.7": "0.0" },
    { "234.8": "0.0" },
    { "234.9": "0.0" },
    { "235.0": "0.0" },
    { "235.1": "0.0" },
    { "235.2": "0.0" },
    { "235.3": "0.0" },
    { "235.4": "0.0" },
    { "235.5": "0.0" },
    { "235.6": "0.0" },
    { "235.7": "0.0" },
    { "235.8": "0.0" },
    { "235.9": "0.0" },
    { "236.0": "0.0" },
    { "236.1": "0.0" },
    { "236.2": "0.0" },
    { "236.3": "0.0" },
    { "236.4": "0.1" },
    { "236.5": "0.0" },
    { "236.6": "0.4" },
    { "236.7": "1.5" },
    { "236.8": "2.3" },
    { "236.9": "3.1" },
    { "237.0": "3.4" },
    { "237.1": "3.6" },
    { "237.2": "3.8" },
    { "237.3": "4.0" },
    { "237.4": "4.4" },
    { "237.5": "4.6" },
    { "237.6": "4.8" },
    { "237.7": "5.0" },
    { "237.8": "5.0" },
    { "237.9": "4.9" },
    { "238.0": "4.8" },
    { "238.1": "4.9" },
    { "238.2": "4.9" },
    { "238.3": "4.9" },
    { "238.4": "4.9" },
    { "238.5": "4.8" },
    { "238.6": "4.9" },
    { "238.7": "4.9" },
    { "238.8": "4.9" },
    { "238.9": "4.8" },
    { "239.0": "4.7" },
    { "239.1": "4.7" },
    { "239.2": "4.7" },
    { "239.3": "4.7" },
    { "239.4": "4.6" },
    { "239.5": "4.5" },
    { "239.6": "4.5" },
    { "239.7": "4.3" },
    { "239.8": "4.3" },
    { "239.9": "4.6" },
    { "240.0": "4.7" }
  ]
}
