{
  "userId": "megan@tendonloader.com",
  "painScore": "4.0",
  "timeStamp": { "seconds": "1627579318" , "nanoseconds": "950000000" },
  "isTolerable": "Yes",
  "isComplate": "false",
  "progressorId": "Progressor_3773",
  "prescription": {
    "sets": "3",
    "reps": "3",
    "setRest": "90",
    "holdTime": "5",
    "restTime": "3",
    "targetLoad": "4.0",
    "mvcDuration": "0",
    "isAdmin": "null"
  },
  "exportData": [
    { "0.1": "0.2" },
    { "0.2": "0.19" },
    { "0.3": "0.2" },
    { "0.4": "0.21" },
    { "0.5": "0.23" },
    { "0.6": "0.22" },
    { "0.7": "0.19" },
    { "0.8": "0.21" },
    { "0.9": "0.23" },
    { "1.0": "0.26" },
    { "1.1": "0.23" },
    { "1.2": "0.26" },
    { "1.3": "0.41" },
    { "1.4": "1.44" },
    { "1.5": "2.99" },
    { "1.6": "3.94" },
    { "1.7": "4.14" },
    { "1.8": "3.96" },
    { "1.9": "3.75" },
    { "2.0": "3.81" },
    { "2.1": "3.98" },
    { "2.2": "4.02" },
    { "2.3": "3.98" },
    { "2.4": "4.01" },
    { "2.5": "3.92" },
    { "2.6": "3.89" },
    { "2.7": "3.99" },
    { "2.8": "3.85" },
    { "2.9": "3.7" },
    { "3.0": "3.56" },
    { "3.1": "3.43" },
    { "3.2": "3.34" },
    { "3.3": "3.29" },
    { "3.4": "3.42" },
    { "3.5": "3.56" },
    { "3.6": "3.58" },
    { "3.7": "3.43" },
    { "3.8": "3.58" },
    { "3.9": "3.76" },
    { "4.0": "3.74" },
    { "4.1": "3.67" },
    { "4.2": "3.93" },
    { "4.3": "4.41" },
    { "4.4": "4.61" },
    { "4.5": "4.65" },
    { "4.6": "4.79" },
    { "4.7": "4.84" },
    { "4.8": "4.6" },
    { "4.9": "4.61" },
    { "5.0": "4.47" },
    { "5.1": "4.41" },
    { "5.2": "4.21" },
    { "5.3": "4.17" },
    { "5.4": "4.07" },
    { "5.5": "3.95" },
    { "5.6": "3.94" },
    { "5.7": "3.82" },
    { "5.8": "3.88" },
    { "5.9": "3.99" },
    { "6.0": "4.04" },
    { "6.1": "4.01" },
    { "6.2": "4.19" },
    { "6.3": "3.85" },
    { "6.4": "1.57" },
    { "6.5": "0.34" },
    { "6.6": "0.17" },
    { "6.7": "0.15" },
    { "6.8": "0.14" },
    { "6.9": "0.13" },
    { "7.0": "0.15" },
    { "7.1": "0.16" },
    { "7.2": "0.16" },
    { "7.3": "0.16" },
    { "7.4": "0.16" },
    { "7.5": "0.16" },
    { "7.6": "0.17" },
    { "7.7": "0.15" },
    { "7.8": "0.16" },
    { "7.9": "0.16" },
    { "8.0": "0.16" },
    { "8.1": "0.16" },
    { "8.2": "0.15" },
    { "8.3": "0.13" },
    { "8.4": "0.17" },
    { "8.5": "0.16" },
    { "8.6": "0.17" },
    { "8.7": "0.16" },
    { "8.8": "0.15" },
    { "8.9": "0.16" },
    { "9.0": "0.14" },
    { "9.1": "0.19" },
    { "9.2": "0.17" },
    { "9.3": "0.14" },
    { "9.4": "0.18" },
    { "9.5": "0.17" },
    { "9.6": "0.18" },
    { "9.7": "0.16" },
    { "9.8": "0.18" },
    { "9.9": "0.18" },
    { "10.0": "0.17" },
    { "10.1": "0.17" },
    { "10.2": "0.16" },
    { "10.3": "0.19" },
    { "10.4": "0.18" },
    { "10.5": "0.18" },
    { "10.6": "0.2" },
    { "10.7": "0.38" },
    { "10.8": "1.19" },
    { "10.9": "2.73" },
    { "11.0": "3.11" },
    { "11.1": "3.45" },
    { "11.2": "3.47" },
    { "11.3": "3.66" },
    { "11.4": "3.78" },
    { "11.5": "3.94" },
    { "11.6": "4.16" },
    { "11.7": "4.14" },
    { "11.8": "4.13" },
    { "11.9": "4.1" },
    { "12.0": "3.99" },
    { "12.1": "3.77" },
    { "12.2": "3.63" },
    { "12.3": "3.41" },
    { "12.4": "3.3" },
    { "12.5": "3.28" },
    { "12.6": "3.35" },
    { "12.7": "3.26" },
    { "12.8": "3.27" },
    { "12.9": "3.36" },
    { "13.0": "3.43" },
    { "13.1": "3.57" },
    { "13.2": "3.58" },
    { "13.3": "3.41" },
    { "13.4": "3.27" },
    { "13.5": "3.03" },
    { "13.6": "2.91" },
    { "13.7": "2.81" },
    { "13.8": "2.76" },
    { "13.9": "2.63" },
    { "14.0": "2.54" },
    { "14.1": "2.48" },
    { "14.2": "2.66" },
    { "14.3": "2.86" },
    { "14.4": "3.1" },
    { "14.5": "3.37" },
    { "14.6": "3.54" },
    { "14.7": "3.65" },
    { "14.8": "3.57" },
    { "14.9": "3.44" },
    { "15.0": "3.39" },
    { "15.1": "3.16" },
    { "15.2": "2.97" },
    { "15.3": "2.81" },
    { "15.4": "2.76" },
    { "15.5": "2.77" },
    { "15.6": "2.81" },
    { "15.7": "2.92" },
    { "15.8": "2.76" },
    { "15.9": "1.89" },
    { "16.0": "1.28" },
    { "16.1": "0.91" },
    { "16.2": "0.63" },
    { "16.3": "0.31" },
    { "16.4": "0.2" },
    { "16.5": "0.16" },
    { "16.6": "0.16" },
    { "16.7": "0.16" },
    { "16.8": "0.16" },
    { "16.9": "0.14" },
    { "17.0": "0.15" },
    { "17.1": "0.15" },
    { "17.2": "0.16" },
    { "17.3": "0.16" },
    { "17.4": "0.17" },
    { "17.5": "0.16" },
    { "17.6": "0.17" },
    { "17.7": "0.19" },
    { "17.8": "0.17" },
    { "17.9": "0.18" },
    { "18.0": "0.15" },
    { "18.1": "0.17" },
    { "18.2": "0.18" },
    { "18.3": "0.21" },
    { "18.4": "0.2" },
    { "18.5": "0.19" },
    { "18.6": "0.21" },
    { "18.7": "0.22" },
    { "18.8": "0.19" },
    { "18.9": "0.21" },
    { "19.0": "0.18" },
    { "19.1": "0.26" },
    { "19.2": "0.25" },
    { "19.3": "0.3" },
    { "19.4": "0.29" },
    { "19.5": "0.31" },
    { "19.6": "0.33" },
    { "19.7": "0.36" },
    { "19.8": "0.37" },
    { "19.9": "0.34" },
    { "20.0": "0.41" },
    { "20.1": "0.39" },
    { "20.2": "0.33" },
    { "20.3": "0.28" },
    { "20.4": "0.26" },
    { "20.5": "0.34" },
    { "20.6": "0.36" },
    { "20.7": "0.37" },
    { "20.8": "0.37" },
    { "20.9": "0.37" },
    { "21.0": "0.42" },
    { "21.1": "0.44" },
    { "21.2": "0.51" },
    { "21.3": "0.85" },
    { "21.4": "1.68" },
    { "21.5": "2.35" },
    { "21.6": "2.95" },
    { "21.7": "3.37" },
    { "21.8": "3.73" },
    { "21.9": "3.77" },
    { "22.0": "3.92" },
    { "22.1": "4.62" },
    { "22.2": "5.13" },
    { "22.3": "5.1" },
    { "22.4": "5.12" },
    { "22.5": "5.17" },
    { "22.6": "5.06" },
    { "22.7": "4.86" },
    { "22.8": "4.64" },
    { "22.9": "4.45" },
    { "23.0": "4.3" },
    { "23.1": "4.14" },
    { "23.2": "4.07" },
    { "23.3": "4.04" },
    { "23.4": "4.05" },
    { "23.5": "4.07" },
    { "23.6": "4.1" },
    { "23.7": "4.04" },
    { "23.8": "3.88" },
    { "23.9": "3.8" },
    { "24.0": "3.87" },
    { "24.1": "3.87" },
    { "24.2": "3.65" },
    { "24.3": "3.58" },
    { "24.4": "3.53" },
    { "24.5": "3.52" },
    { "24.6": "3.52" },
    { "24.7": "3.44" },
    { "24.8": "3.27" },
    { "24.9": "3.2" },
    { "25.0": "3.13" },
    { "25.1": "3.18" },
    { "25.2": "3.23" },
    { "25.3": "3.21" },
    { "25.4": "3.19" },
    { "25.5": "3.1" },
    { "25.6": "2.88" },
    { "25.7": "2.86" },
    { "25.8": "2.83" },
    { "25.9": "2.71" },
    { "26.0": "2.78" },
    { "26.1": "2.89" },
    { "26.2": "2.88" },
    { "26.3": "2.94" },
    { "26.4": "2.91" },
    { "26.5": "2.85" },
    { "26.6": "2.77" },
    { "26.7": "2.53" },
    { "26.8": "1.99" },
    { "26.9": "0.93" },
    { "27.0": "0.44" },
    { "27.1": "0.32" },
    { "27.2": "0.28" },
    { "27.3": "0.25" },
    { "27.4": "0.27" },
    { "27.5": "0.2" },
    { "27.6": "0.18" },
    { "27.7": "0.18" },
    { "27.8": "0.14" },
    { "27.9": "0.16" },
    { "28.0": "0.13" },
    { "28.1": "0.13" },
    { "28.2": "0.13" },
    { "28.3": "0.13" },
    { "28.4": "0.13" },
    { "28.5": "0.16" },
    { "28.6": "0.14" },
    { "28.7": "0.15" },
    { "28.8": "0.14" },
    { "28.9": "0.17" },
    { "29.0": "0.18" },
    { "29.1": "0.15" },
    { "29.2": "0.13" },
    { "29.3": "0.14" },
    { "29.4": "0.13" },
    { "29.5": "0.13" },
    { "29.6": "0.14" },
    { "29.7": "0.12" },
    { "29.8": "0.13" },
    { "29.9": "0.13" },
    { "30.0": "0.14" },
    { "30.1": "0.1" },
    { "30.2": "0.13" },
    { "30.3": "0.12" },
    { "30.4": "0.14" },
    { "30.5": "0.14" },
    { "30.6": "0.14" },
    { "30.7": "0.13" },
    { "30.8": "0.11" },
    { "30.9": "0.13" },
    { "31.0": "0.13" },
    { "31.1": "0.14" },
    { "31.2": "0.13" },
    { "31.3": "0.13" },
    { "31.4": "0.13" },
    { "31.5": "0.1" },
    { "31.6": "0.14" },
    { "31.7": "0.14" },
    { "31.8": "0.13" },
    { "31.9": "0.13" },
    { "32.0": "0.11" },
    { "32.1": "0.13" },
    { "32.2": "0.14" },
    { "32.3": "0.14" },
    { "32.4": "0.13" },
    { "32.5": "0.14" },
    { "32.6": "0.13" },
    { "32.7": "0.12" },
    { "32.8": "0.14" },
    { "32.9": "0.13" },
    { "33.0": "0.14" },
    { "33.1": "0.12" },
    { "33.2": "0.13" },
    { "33.3": "0.14" },
    { "33.4": "0.13" },
    { "33.5": "0.14" },
    { "33.6": "0.13" },
    { "33.7": "0.14" },
    { "33.8": "0.14" },
    { "33.9": "0.14" },
    { "34.0": "0.15" },
    { "34.1": "0.14" },
    { "34.2": "0.14" },
    { "34.3": "0.14" },
    { "34.4": "0.13" },
    { "34.5": "0.13" },
    { "34.6": "0.15" },
    { "34.7": "0.13" },
    { "34.8": "0.14" },
    { "34.9": "0.12" },
    { "35.0": "0.13" },
    { "35.1": "0.13" },
    { "35.2": "0.13" },
    { "35.3": "0.12" },
    { "35.4": "0.14" },
    { "35.5": "0.14" },
    { "35.6": "0.13" },
    { "35.7": "0.11" },
    { "35.8": "0.13" },
    { "35.9": "0.1" },
    { "36.0": "0.14" },
    { "36.1": "0.13" },
    { "36.2": "0.12" },
    { "36.3": "0.14" },
    { "36.4": "0.1" },
    { "36.5": "0.13" },
    { "36.6": "0.1" },
    { "36.7": "0.13" },
    { "36.8": "0.13" },
    { "36.9": "0.14" },
    { "37.0": "0.19" },
    { "37.1": "0.12" },
    { "37.2": "0.19" },
    { "37.3": "0.22" },
    { "37.4": "0.21" },
    { "37.5": "0.21" },
    { "37.6": "0.24" },
    { "37.7": "0.22" },
    { "37.8": "0.21" },
    { "37.9": "0.23" },
    { "38.0": "0.19" },
    { "38.1": "0.19" },
    { "38.2": "0.2" },
    { "38.3": "0.23" },
    { "38.4": "0.21" },
    { "38.5": "0.14" },
    { "38.6": "0.13" },
    { "38.7": "0.2" },
    { "38.8": "0.27" },
    { "38.9": "0.32" },
    { "39.0": "0.36" },
    { "39.1": "0.51" },
    { "39.2": "0.63" },
    { "39.3": "0.72" },
    { "39.4": "0.61" },
    { "39.5": "0.51" },
    { "39.6": "0.27" },
    { "39.7": "0.17" },
    { "39.8": "0.47" },
    { "39.9": "0.71" },
    { "40.0": "0.9" },
    { "40.1": "1.23" },
    { "40.2": "1.91" },
    { "40.3": "2.13" },
    { "40.4": "1.37" },
    { "40.5": "0.38" },
    { "40.6": "0.22" },
    { "40.7": "0.17" },
    { "40.8": "0.13" },
    { "40.9": "0.14" },
    { "41.0": "0.12" },
    { "41.1": "0.13" },
    { "41.2": "0.12" },
    { "41.3": "0.14" },
    { "41.4": "0.13" },
    { "41.5": "0.1" },
    { "41.6": "0.14" },
    { "41.7": "0.13" },
    { "41.8": "0.23" },
    { "41.9": "0.2" },
    { "42.0": "0.17" },
    { "42.1": "0.18" },
    { "42.2": "0.15" },
    { "42.3": "0.16" },
    { "42.4": "0.14" },
    { "42.5": "0.16" },
    { "42.6": "0.17" },
    { "42.7": "0.2" },
    { "42.8": "0.21" },
    { "42.9": "0.21" },
    { "43.0": "0.22" },
    { "43.1": "0.22" },
    { "43.2": "0.19" },
    { "43.3": "0.18" },
    { "43.4": "0.15" },
    { "43.5": "0.14" },
    { "43.6": "0.14" },
    { "43.7": "0.13" },
    { "43.8": "0.12" },
    { "43.9": "0.13" },
    { "44.0": "0.11" },
    { "44.1": "0.11" },
    { "44.2": "0.11" },
    { "44.3": "0.13" },
    { "44.4": "0.12" },
    { "44.5": "0.13" },
    { "44.6": "0.11" },
    { "44.7": "0.13" },
    { "44.8": "0.13" },
    { "44.9": "0.12" },
    { "45.0": "0.13" },
    { "45.1": "0.12" },
    { "45.2": "0.14" },
    { "45.3": "0.13" },
    { "45.4": "0.13" },
    { "45.5": "0.13" },
    { "45.6": "0.14" },
    { "45.7": "0.15" },
    { "45.8": "0.12" },
    { "45.9": "0.12" },
    { "46.0": "0.13" },
    { "46.1": "0.11" },
    { "46.2": "0.11" },
    { "46.3": "0.13" },
    { "46.4": "0.13" },
    { "46.5": "0.14" },
    { "46.6": "0.15" },
    { "46.7": "0.13" },
    { "46.8": "0.09" },
    { "46.9": "0.11" },
    { "47.0": "0.12" },
    { "47.1": "0.11" },
    { "47.2": "0.11" },
    { "47.3": "0.05" },
    { "47.4": "0.09" },
    { "47.5": "0.05" },
    { "47.6": "0.09" },
    { "47.7": "0.07" },
    { "47.8": "0.08" },
    { "47.9": "0.09" },
    { "48.0": "0.08" },
    { "48.1": "0.13" },
    { "48.2": "0.12" },
    { "48.3": "0.15" },
    { "48.4": "0.17" },
    { "48.5": "0.15" },
    { "48.6": "0.13" },
    { "48.7": "0.13" },
    { "48.8": "0.15" },
    { "48.9": "0.15" },
    { "49.0": "0.18" },
    { "49.1": "0.2" },
    { "49.2": "0.21" },
    { "49.3": "0.22" },
    { "49.4": "0.19" },
    { "49.5": "0.18" },
    { "49.6": "0.16" },
    { "49.7": "0.15" },
    { "49.8": "0.15" },
    { "49.9": "0.13" },
    { "50.0": "0.11" },
    { "50.1": "0.15" },
    { "50.2": "0.17" },
    { "50.3": "0.18" },
    { "50.4": "0.21" },
    { "50.5": "0.19" },
    { "50.6": "0.21" },
    { "50.7": "0.23" },
    { "50.8": "0.24" },
    { "50.9": "0.2" },
    { "51.0": "0.21" },
    { "51.1": "0.2" },
    { "51.2": "0.18" },
    { "51.3": "0.17" },
    { "51.4": "0.18" },
    { "51.5": "0.19" },
    { "51.6": "0.18" },
    { "51.7": "0.2" },
    { "51.8": "0.21" },
    { "51.9": "0.15" },
    { "52.0": "0.12" },
    { "52.1": "0.12" },
    { "52.2": "0.13" },
    { "52.3": "0.14" },
    { "52.4": "0.11" },
    { "52.5": "0.12" },
    { "52.6": "0.13" },
    { "52.7": "0.16" },
    { "52.8": "0.15" },
    { "52.9": "0.15" },
    { "53.0": "0.14" },
    { "53.1": "0.13" },
    { "53.2": "0.19" },
    { "53.3": "0.16" },
    { "53.4": "0.19" },
    { "53.5": "0.19" },
    { "53.6": "0.18" },
    { "53.7": "0.13" },
    { "53.8": "0.11" },
    { "53.9": "0.14" },
    { "54.0": "0.12" },
    { "54.1": "0.11" },
    { "54.2": "0.13" },
    { "54.3": "0.18" },
    { "54.4": "0.21" },
    { "54.5": "0.19" },
    { "54.6": "0.22" },
    { "54.7": "0.19" },
    { "54.8": "0.13" },
    { "54.9": "0.13" },
    { "55.0": "0.14" },
    { "55.1": "0.15" },
    { "55.2": "0.15" },
    { "55.3": "0.15" },
    { "55.4": "0.17" },
    { "55.5": "0.2" },
    { "55.6": "0.19" },
    { "55.7": "0.22" },
    { "55.8": "0.21" },
    { "55.9": "0.22" },
    { "56.0": "0.18" },
    { "56.1": "0.15" },
    { "56.2": "0.11" },
    { "56.3": "0.11" },
    { "56.4": "0.12" },
    { "56.5": "0.12" },
    { "56.6": "0.14" },
    { "56.7": "0.15" },
    { "56.8": "0.12" },
    { "56.9": "0.15" },
    { "57.0": "0.21" },
    { "57.1": "0.25" },
    { "57.2": "0.24" },
    { "57.3": "0.26" },
    { "57.4": "0.29" },
    { "57.5": "0.25" },
    { "57.6": "0.28" },
    { "57.7": "0.23" },
    { "57.8": "0.2" },
    { "57.9": "0.18" },
    { "58.0": "0.16" },
    { "58.1": "0.18" },
    { "58.2": "0.17" },
    { "58.3": "0.16" },
    { "58.4": "0.13" },
    { "58.5": "0.14" },
    { "58.6": "0.16" },
    { "58.7": "0.16" },
    { "58.8": "0.17" },
    { "58.9": "0.18" },
    { "59.0": "0.22" },
    { "59.1": "0.22" },
    { "59.2": "0.21" },
    { "59.3": "0.22" },
    { "59.4": "0.19" },
    { "59.5": "0.18" },
    { "59.6": "0.15" },
    { "59.7": "0.15" },
    { "59.8": "0.14" },
    { "59.9": "0.14" },
    { "60.0": "0.14" },
    { "60.1": "0.15" },
    { "60.2": "0.15" },
    { "60.3": "0.14" },
    { "60.4": "0.14" },
    { "60.5": "0.18" },
    { "60.6": "0.24" },
    { "60.7": "0.28" },
    { "60.8": "0.23" },
    { "60.9": "0.21" },
    { "61.0": "0.2" },
    { "61.1": "0.18" },
    { "61.2": "0.17" },
    { "61.3": "0.16" },
    { "61.4": "0.18" },
    { "61.5": "0.2" },
    { "61.6": "0.19" },
    { "61.7": "0.22" },
    { "61.8": "0.19" },
    { "61.9": "0.19" },
    { "62.0": "0.18" },
    { "62.1": "0.16" },
    { "62.2": "0.18" },
    { "62.3": "0.2" },
    { "62.4": "0.19" },
    { "62.5": "0.21" },
    { "62.6": "0.19" },
    { "62.7": "0.22" },
    { "62.8": "0.18" },
    { "62.9": "0.21" },
    { "63.0": "0.2" },
    { "63.1": "0.19" },
    { "63.2": "0.2" },
    { "63.3": "0.22" },
    { "63.4": "0.21" },
    { "63.5": "0.2" },
    { "63.6": "0.2" },
    { "63.7": "0.19" },
    { "63.8": "0.19" },
    { "63.9": "0.19" },
    { "64.0": "0.19" },
    { "64.1": "0.18" },
    { "64.2": "0.18" },
    { "64.3": "0.15" },
    { "64.4": "0.18" },
    { "64.5": "0.21" },
    { "64.6": "0.24" },
    { "64.7": "0.26" },
    { "64.8": "0.32" },
    { "64.9": "0.36" },
    { "65.0": "0.42" },
    { "65.1": "0.55" },
    { "65.2": "0.72" },
    { "65.3": "1.02" },
    { "65.4": "1.3" },
    { "65.5": "1.54" },
    { "65.6": "1.72" },
    { "65.7": "1.56" },
    { "65.8": "0.66" },
    { "65.9": "0.28" },
    { "66.0": "0.19" },
    { "66.1": "0.15" },
    { "66.2": "0.16" },
    { "66.3": "0.15" },
    { "66.4": "0.15" },
    { "66.5": "0.14" },
    { "66.6": "0.15" },
    { "66.7": "0.13" },
    { "66.8": "0.13" },
    { "66.9": "0.12" },
    { "67.0": "0.13" },
    { "67.1": "0.13" },
    { "67.2": "0.1" },
    { "67.3": "0.12" },
    { "67.4": "0.14" },
    { "67.5": "0.14" },
    { "67.6": "0.15" },
    { "67.7": "0.12" },
    { "67.8": "0.17" },
    { "67.9": "0.11" },
    { "68.0": "0.14" },
    { "68.1": "0.15" },
    { "68.2": "0.17" },
    { "68.3": "0.14" },
    { "68.4": "0.16" },
    { "68.5": "0.16" },
    { "68.6": "0.13" },
    { "68.7": "0.16" },
    { "68.8": "0.16" },
    { "68.9": "0.15" },
    { "69.0": "0.16" },
    { "69.1": "0.13" },
    { "69.2": "0.16" },
    { "69.3": "0.2" },
    { "69.4": "0.25" },
    { "69.5": "0.3" },
    { "69.6": "0.32" },
    { "69.7": "0.21" },
    { "69.8": "0.15" },
    { "69.9": "0.15" },
    { "70.0": "0.16" },
    { "70.1": "0.14" },
    { "70.2": "0.13" },
    { "70.3": "0.16" },
    { "70.4": "0.16" },
    { "70.5": "0.16" },
    { "70.6": "0.14" },
    { "70.7": "0.15" },
    { "70.8": "0.16" },
    { "70.9": "0.19" },
    { "71.0": "0.18" },
    { "71.1": "0.17" },
    { "71.2": "0.17" },
    { "71.3": "0.17" },
    { "71.4": "0.18" },
    { "71.5": "0.15" },
    { "71.6": "0.15" },
    { "71.7": "0.14" },
    { "71.8": "0.14" },
    { "71.9": "0.14" },
    { "72.0": "0.15" },
    { "72.1": "0.15" },
    { "72.2": "0.16" },
    { "72.3": "0.19" },
    { "72.4": "0.22" },
    { "72.5": "0.21" },
    { "72.6": "0.23" },
    { "72.7": "0.22" },
    { "72.8": "0.22" },
    { "72.9": "0.22" },
    { "73.0": "0.22" },
    { "73.1": "0.24" },
    { "73.2": "0.17" },
    { "73.3": "0.18" },
    { "73.4": "0.21" },
    { "73.5": "0.21" },
    { "73.6": "0.23" },
    { "73.7": "0.15" },
    { "73.8": "0.15" },
    { "73.9": "0.13" },
    { "74.0": "0.16" },
    { "74.1": "0.14" },
    { "74.2": "0.16" },
    { "74.3": "0.19" },
    { "74.4": "0.19" },
    { "74.5": "0.18" },
    { "74.6": "0.22" },
    { "74.7": "0.22" },
    { "74.8": "0.24" },
    { "74.9": "0.25" },
    { "75.0": "0.22" },
    { "75.1": "0.19" },
    { "75.2": "0.18" },
    { "75.3": "0.2" },
    { "75.4": "0.21" },
    { "75.5": "0.25" },
    { "75.6": "0.25" },
    { "75.7": "0.21" },
    { "75.8": "0.23" },
    { "75.9": "0.21" },
    { "76.0": "0.21" },
    { "76.1": "0.22" },
    { "76.2": "0.2" },
    { "76.3": "0.2" },
    { "76.4": "0.22" },
    { "76.5": "0.22" },
    { "76.6": "0.21" },
    { "76.7": "0.22" },
    { "76.8": "0.24" },
    { "76.9": "0.23" },
    { "77.0": "0.22" },
    { "77.1": "0.21" },
    { "77.2": "0.21" },
    { "77.3": "0.2" },
    { "77.4": "0.2" },
    { "77.5": "0.16" },
    { "77.6": "0.1" },
    { "77.7": "0.13" },
    { "77.8": "0.13" },
    { "77.9": "0.13" },
    { "78.0": "0.12" },
    { "78.1": "0.14" },
    { "78.2": "0.15" },
    { "78.3": "0.13" },
    { "78.4": "0.14" },
    { "78.5": "0.14" },
    { "78.6": "0.11" },
    { "78.7": "0.14" },
    { "78.8": "0.1" },
    { "78.9": "0.14" },
    { "79.0": "0.12" },
    { "79.1": "0.14" },
    { "79.2": "0.15" },
    { "79.3": "0.11" },
    { "79.4": "0.15" },
    { "79.5": "0.11" },
    { "79.6": "0.15" },
    { "79.7": "0.15" },
    { "79.8": "0.13" },
    { "79.9": "0.14" },
    { "80.0": "0.14" },
    { "80.1": "0.14" },
    { "80.2": "0.12" },
    { "80.3": "0.14" },
    { "80.4": "0.11" },
    { "80.5": "0.12" },
    { "80.6": "0.13" },
    { "80.7": "0.12" },
    { "80.8": "0.13" },
    { "80.9": "0.11" },
    { "81.0": "0.13" },
    { "81.1": "0.12" },
    { "81.2": "0.14" },
    { "81.3": "0.15" },
    { "81.4": "0.15" },
    { "81.5": "0.15" },
    { "81.6": "0.16" },
    { "81.7": "0.15" },
    { "81.8": "0.14" },
    { "81.9": "0.14" },
    { "82.0": "0.14" },
    { "82.1": "0.13" },
    { "82.2": "0.14" },
    { "82.3": "0.15" },
    { "82.4": "0.14" },
    { "82.5": "0.16" },
    { "82.6": "0.13" },
    { "82.7": "0.14" },
    { "82.8": "0.13" },
    { "82.9": "0.15" },
    { "83.0": "0.15" },
    { "83.1": "0.15" },
    { "83.2": "0.12" },
    { "83.3": "0.23" },
    { "83.4": "0.2" },
    { "83.5": "0.17" },
    { "83.6": "0.15" },
    { "83.7": "0.14" },
    { "83.8": "0.16" },
    { "83.9": "0.13" },
    { "84.0": "0.28" },
    { "84.1": "0.19" },
    { "84.2": "0.15" },
    { "84.3": "0.16" },
    { "84.4": "0.13" },
    { "84.5": "0.14" },
    { "84.6": "0.13" },
    { "84.7": "0.19" },
    { "84.8": "0.21" },
    { "84.9": "0.21" },
    { "85.0": "0.21" },
    { "85.1": "0.2" },
    { "85.2": "0.19" },
    { "85.3": "0.19" },
    { "85.4": "0.21" },
    { "85.5": "0.2" },
    { "85.6": "0.2" },
    { "85.7": "0.2" },
    { "85.8": "0.19" },
    { "85.9": "0.18" },
    { "86.0": "0.18" },
    { "86.1": "0.19" },
    { "86.2": "0.17" },
    { "86.3": "0.18" },
    { "86.4": "0.16" },
    { "86.5": "0.16" },
    { "86.6": "0.14" },
    { "86.7": "0.14" },
    { "86.8": "0.15" },
    { "86.9": "0.15" },
    { "87.0": "0.18" },
    { "87.1": "0.17" },
    { "87.2": "0.2" },
    { "87.3": "0.18" },
    { "87.4": "0.14" },
    { "87.5": "0.15" },
    { "87.6": "0.15" },
    { "87.7": "0.15" },
    { "87.8": "0.14" },
    { "87.9": "0.15" },
    { "88.0": "0.15" },
    { "88.1": "0.14" },
    { "88.2": "0.13" },
    { "88.3": "0.14" },
    { "88.4": "0.14" },
    { "88.5": "0.13" },
    { "88.6": "0.15" },
    { "88.7": "0.14" },
    { "88.8": "0.14" },
    { "88.9": "0.14" },
    { "89.0": "0.12" },
    { "89.1": "0.14" },
    { "89.2": "0.13" },
    { "89.3": "0.15" },
    { "89.4": "0.15" },
    { "89.5": "0.15" },
    { "89.6": "0.15" },
    { "89.7": "0.14" },
    { "89.8": "0.15" },
    { "89.9": "0.15" },
    { "90.0": "0.14" },
    { "90.1": "0.13" },
    { "90.2": "0.13" },
    { "90.3": "0.11" },
    { "90.4": "0.12" },
    { "90.5": "0.14" },
    { "90.6": "0.14" },
    { "90.7": "0.14" },
    { "90.8": "0.17" },
    { "90.9": "0.18" },
    { "91.0": "0.2" },
    { "91.1": "0.17" },
    { "91.2": "0.17" },
    { "91.3": "0.2" },
    { "91.4": "0.2" },
    { "91.5": "0.18" },
    { "91.6": "0.18" },
    { "91.7": "0.21" },
    { "91.8": "0.25" },
    { "91.9": "0.28" },
    { "92.0": "0.23" },
    { "92.1": "0.22" },
    { "92.2": "0.21" },
    { "92.3": "0.19" },
    { "92.4": "0.2" },
    { "92.5": "0.2" },
    { "92.6": "0.2" },
    { "92.7": "0.18" },
    { "92.8": "0.29" },
    { "92.9": "0.35" },
    { "93.0": "0.3" },
    { "93.1": "0.36" },
    { "93.2": "0.3" },
    { "93.3": "0.21" },
    { "93.4": "0.19" },
    { "93.5": "0.2" },
    { "93.6": "0.19" },
    { "93.7": "0.18" },
    { "93.8": "0.19" },
    { "93.9": "0.18" },
    { "94.0": "0.17" },
    { "94.1": "0.17" },
    { "94.2": "0.18" },
    { "94.3": "0.2" },
    { "94.4": "0.22" },
    { "94.5": "0.23" },
    { "94.6": "0.22" },
    { "94.7": "0.18" },
    { "94.8": "0.18" },
    { "94.9": "0.19" },
    { "95.0": "0.19" },
    { "95.1": "0.18" },
    { "95.2": "0.15" },
    { "95.3": "0.13" },
    { "95.4": "0.13" },
    { "95.5": "0.12" },
    { "95.6": "0.15" },
    { "95.7": "0.12" },
    { "95.8": "0.18" },
    { "95.9": "0.21" },
    { "96.0": "0.22" },
    { "96.1": "0.24" },
    { "96.2": "0.21" },
    { "96.3": "0.23" },
    { "96.4": "0.18" },
    { "96.5": "0.25" },
    { "96.6": "0.25" },
    { "96.7": "0.23" },
    { "96.8": "0.21" },
    { "96.9": "0.2" },
    { "97.0": "0.21" },
    { "97.1": "0.21" },
    { "97.2": "0.2" },
    { "97.3": "0.21" },
    { "97.4": "0.21" },
    { "97.5": "0.22" },
    { "97.6": "0.21" },
    { "97.7": "0.21" },
    { "97.8": "0.2" },
    { "97.9": "0.2" },
    { "98.0": "0.21" },
    { "98.1": "0.22" },
    { "98.2": "0.22" },
    { "98.3": "0.21" },
    { "98.4": "0.19" },
    { "98.5": "0.12" },
    { "98.6": "0.12" },
    { "98.7": "0.12" },
    { "98.8": "0.12" },
    { "98.9": "0.12" },
    { "99.0": "0.14" },
    { "99.1": "0.13" },
    { "99.2": "0.13" },
    { "99.3": "0.12" },
    { "99.4": "0.13" },
    { "99.5": "0.15" },
    { "99.6": "0.13" },
    { "99.7": "0.12" },
    { "99.8": "0.13" },
    { "99.9": "0.11" },
    { "100.0": "0.12" },
    { "100.1": "0.1" },
    { "100.2": "0.13" },
    { "100.3": "0.16" },
    { "100.4": "0.17" },
    { "100.5": "0.17" },
    { "100.6": "0.15" },
    { "100.7": "0.19" },
    { "100.8": "0.15" },
    { "100.9": "0.16" },
    { "101.0": "0.15" },
    { "101.1": "0.13" },
    { "101.2": "0.14" },
    { "101.3": "0.15" },
    { "101.4": "0.2" },
    { "101.5": "0.16" },
    { "101.6": "0.21" },
    { "101.7": "0.22" },
    { "101.8": "0.25" },
    { "101.9": "0.26" },
    { "102.0": "0.27" },
    { "102.1": "0.31" },
    { "102.2": "0.27" },
    { "102.3": "0.29" },
    { "102.4": "0.28" },
    { "102.5": "0.26" },
    { "102.6": "0.25" },
    { "102.7": "0.22" },
    { "102.8": "0.25" },
    { "102.9": "0.27" },
    { "103.0": "0.25" },
    { "103.1": "0.22" },
    { "103.2": "0.19" },
    { "103.3": "0.22" },
    { "103.4": "0.24" },
    { "103.5": "0.26" },
    { "103.6": "0.25" },
    { "103.7": "0.26" },
    { "103.8": "0.32" },
    { "103.9": "0.33" },
    { "104.0": "0.32" },
    { "104.1": "0.32" },
    { "104.2": "0.25" },
    { "104.3": "0.25" },
    { "104.4": "0.22" },
    { "104.5": "0.24" },
    { "104.6": "0.22" },
    { "104.7": "0.18" },
    { "104.8": "0.19" },
    { "104.9": "0.18" },
    { "105.0": "0.19" },
    { "105.1": "0.19" },
    { "105.2": "0.17" },
    { "105.3": "0.17" },
    { "105.4": "0.17" },
    { "105.5": "0.2" },
    { "105.6": "0.2" },
    { "105.7": "0.19" },
    { "105.8": "0.17" },
    { "105.9": "0.15" },
    { "106.0": "0.16" },
    { "106.1": "0.16" },
    { "106.2": "0.15" },
    { "106.3": "0.13" },
    { "106.4": "0.13" },
    { "106.5": "0.14" },
    { "106.6": "0.13" },
    { "106.7": "0.14" },
    { "106.8": "0.14" },
    { "106.9": "0.12" },
    { "107.0": "0.13" },
    { "107.1": "0.12" },
    { "107.2": "0.14" },
    { "107.3": "0.12" },
    { "107.4": "0.14" },
    { "107.5": "0.16" },
    { "107.6": "0.17" },
    { "107.7": "0.15" },
    { "107.8": "0.11" },
    { "107.9": "0.15" },
    { "108.0": "0.13" },
    { "108.1": "0.13" },
    { "108.2": "0.14" },
    { "108.3": "0.17" },
    { "108.4": "0.16" },
    { "108.5": "0.18" },
    { "108.6": "0.16" },
    { "108.7": "0.16" },
    { "108.8": "0.16" },
    { "108.9": "0.16" },
    { "109.0": "0.16" },
    { "109.1": "0.14" },
    { "109.2": "0.15" },
    { "109.3": "0.15" },
    { "109.4": "0.15" },
    { "109.5": "0.13" },
    { "109.6": "0.14" },
    { "109.7": "0.13" },
    { "109.8": "0.13" },
    { "109.9": "0.14" },
    { "110.0": "0.14" },
    { "110.1": "0.14" },
    { "110.2": "0.15" },
    { "110.3": "0.14" },
    { "110.4": "0.15" },
    { "110.5": "0.16" },
    { "110.6": "0.16" },
    { "110.7": "0.16" },
    { "110.8": "0.14" },
    { "110.9": "0.15" },
    { "111.0": "0.15" },
    { "111.1": "0.15" },
    { "111.2": "0.15" },
    { "111.3": "0.15" },
    { "111.4": "0.17" },
    { "111.5": "0.17" },
    { "111.6": "0.15" },
    { "111.7": "0.14" },
    { "111.8": "0.17" },
    { "111.9": "0.19" },
    { "112.0": "0.2" },
    { "112.1": "0.19" },
    { "112.2": "0.2" },
    { "112.3": "0.23" },
    { "112.4": "0.19" },
    { "112.5": "0.21" },
    { "112.6": "0.18" },
    { "112.7": "0.21" },
    { "112.8": "0.25" },
    { "112.9": "0.24" },
    { "113.0": "0.24" },
    { "113.1": "0.25" },
    { "113.2": "0.25" },
    { "113.3": "0.25" },
    { "113.4": "0.19" },
    { "113.5": "0.14" },
    { "113.6": "0.11" },
    { "113.7": "0.14" },
    { "113.8": "0.16" },
    { "113.9": "0.19" },
    { "114.0": "0.2" },
    { "114.1": "0.28" },
    { "114.2": "0.25" },
    { "114.3": "0.24" },
    { "114.4": "0.23" },
    { "114.5": "0.23" },
    { "114.6": "0.2" },
    { "114.7": "0.22" },
    { "114.8": "0.24" },
    { "114.9": "0.24" },
    { "115.0": "0.24" },
    { "115.1": "0.25" },
    { "115.2": "0.25" },
    { "115.3": "0.25" },
    { "115.4": "0.24" },
    { "115.5": "0.25" },
    { "115.6": "0.24" },
    { "115.7": "0.25" },
    { "115.8": "0.27" },
    { "115.9": "0.27" },
    { "116.0": "0.26" },
    { "116.1": "0.3" },
    { "116.2": "0.32" },
    { "116.3": "0.4" },
    { "116.4": "0.47" },
    { "116.5": "0.52" },
    { "116.6": "0.5" },
    { "116.7": "0.45" },
    { "116.8": "0.4" },
    { "116.9": "0.42" },
    { "117.0": "0.43" },
    { "117.1": "0.46" },
    { "117.2": "0.48" },
    { "117.3": "0.47" },
    { "117.4": "0.56" },
    { "117.5": "0.81" },
    { "117.6": "1.23" },
    { "117.7": "1.75" },
    { "117.8": "2.54" },
    { "117.9": "3.35" },
    { "118.0": "4.35" },
    { "118.1": "5.08" },
    { "118.2": "5.46" },
    { "118.3": "5.38" },
    { "118.4": "5.03" },
    { "118.5": "4.81" },
    { "118.6": "4.37" },
    { "118.7": "4.07" },
    { "118.8": "4.16" },
    { "118.9": "4.28" },
    { "119.0": "4.51" },
    { "119.1": "4.64" },
    { "119.2": "4.9" },
    { "119.3": "4.97" },
    { "119.4": "4.75" },
    { "119.5": "4.68" },
    { "119.6": "4.71" },
    { "119.7": "4.49" },
    { "119.8": "4.55" },
    { "119.9": "4.69" },
    { "120.0": "4.9" },
    { "120.1": "5.03" },
    { "120.2": "4.86" },
    { "120.3": "4.75" },
    { "120.4": "4.49" },
    { "120.5": "4.33" },
    { "120.6": "4.29" },
    { "120.7": "4.1" },
    { "120.8": "4.08" },
    { "120.9": "4.21" },
    { "121.0": "4.19" },
    { "121.1": "4.13" },
    { "121.2": "4.05" },
    { "121.3": "3.95" },
    { "121.4": "3.93" },
    { "121.5": "3.87" },
    { "121.6": "3.77" },
    { "121.7": "3.74" },
    { "121.8": "3.53" },
    { "121.9": "3.43" },
    { "122.0": "3.53" },
    { "122.1": "3.39" },
    { "122.2": "2.87" },
    { "122.3": "2.08" },
    { "122.4": "1.41" },
    { "122.5": "1.07" },
    { "122.6": "0.79" },
    { "122.7": "0.6" },
    { "122.8": "0.42" },
    { "122.9": "0.38" },
    { "123.0": "0.35" },
    { "123.1": "0.33" },
    { "123.2": "0.29" },
    { "123.3": "0.28" },
    { "123.4": "0.27" },
    { "123.5": "0.24" },
    { "123.6": "0.24" },
    { "123.7": "0.24" },
    { "123.8": "0.24" },
    { "123.9": "0.25" },
    { "124.0": "0.25" },
    { "124.1": "0.28" },
    { "124.2": "0.3" },
    { "124.3": "0.33" },
    { "124.4": "0.35" },
    { "124.5": "0.34" },
    { "124.6": "0.36" },
    { "124.7": "0.26" },
    { "124.8": "0.26" },
    { "124.9": "0.26" },
    { "125.0": "0.27" },
    { "125.1": "0.27" },
    { "125.2": "0.29" },
    { "125.3": "0.32" },
    { "125.4": "0.33" },
    { "125.5": "0.37" },
    { "125.6": "0.36" },
    { "125.7": "0.38" },
    { "125.8": "0.41" },
    { "125.9": "0.44" },
    { "126.0": "0.51" },
    { "126.1": "0.51" },
    { "126.2": "0.5" },
    { "126.3": "0.41" },
    { "126.4": "0.36" },
    { "126.5": "0.38" },
    { "126.6": "0.43" },
    { "126.7": "0.52" },
    { "126.8": "0.61" },
    { "126.9": "0.6" },
    { "127.0": "0.62" },
    { "127.1": "0.67" },
    { "127.2": "0.94" },
    { "127.3": "1.46" },
    { "127.4": "2.46" },
    { "127.5": "3.14" },
    { "127.6": "3.87" },
    { "127.7": "4.53" },
    { "127.8": "4.84" },
    { "127.9": "5.05" },
    { "128.0": "4.95" },
    { "128.1": "4.51" },
    { "128.2": "4.42" },
    { "128.3": "4.4" },
    { "128.4": "4.12" },
    { "128.5": "4.08" },
    { "128.6": "4.11" },
    { "128.7": "4.16" },
    { "128.8": "4.09" },
    { "128.9": "4.1" },
    { "129.0": "4.11" },
    { "129.1": "3.9" },
    { "129.2": "3.87" },
    { "129.3": "4.02" },
    { "129.4": "4.11" },
    { "129.5": "4.05" },
    { "129.6": "3.94" },
    { "129.7": "4.32" },
    { "129.8": "4.6" },
    { "129.9": "4.57" },
    { "130.0": "4.62" },
    { "130.1": "4.47" },
    { "130.2": "4.42" },
    { "130.3": "4.44" },
    { "130.4": "4.47" },
    { "130.5": "4.37" },
    { "130.6": "4.42" },
    { "130.7": "4.6" },
    { "130.8": "4.58" },
    { "130.9": "4.49" },
    { "131.0": "4.27" },
    { "131.1": "4.14" },
    { "131.2": "3.98" },
    { "131.3": "3.87" },
    { "131.4": "3.75" },
    { "131.5": "3.02" },
    { "131.6": "2.06" },
    { "131.7": "0.67" },
    { "131.8": "0.25" },
    { "131.9": "0.24" },
    { "132.0": "0.26" },
    { "132.1": "0.11" },
    { "132.2": "0.15" },
    { "132.3": "0.15" },
    { "132.4": "0.15" },
    { "132.5": "0.16" },
    { "132.6": "0.18" },
    { "132.7": "0.16" },
    { "132.8": "0.15" },
    { "132.9": "0.15" },
    { "133.0": "0.16" },
    { "133.1": "0.15" },
    { "133.2": "0.15" },
    { "133.3": "0.15" },
    { "133.4": "0.14" },
    { "133.5": "0.14" },
    { "133.6": "0.15" },
    { "133.7": "0.16" },
    { "133.8": "0.14" },
    { "133.9": "0.16" },
    { "134.0": "0.14" },
    { "134.1": "0.16" },
    { "134.2": "0.16" },
    { "134.3": "0.15" },
    { "134.4": "0.16" },
    { "134.5": "0.16" },
    { "134.6": "0.14" },
    { "134.7": "0.15" },
    { "134.8": "0.15" },
    { "134.9": "0.13" },
    { "135.0": "0.16" },
    { "135.1": "0.14" },
    { "135.2": "0.16" },
    { "135.3": "0.15" },
    { "135.4": "0.14" },
    { "135.5": "0.14" },
    { "135.6": "0.13" },
    { "135.7": "0.16" },
    { "135.8": "0.16" },
    { "135.9": "0.15" },
    { "136.0": "0.16" },
    { "136.1": "0.16" },
    { "136.2": "0.15" },
    { "136.3": "0.13" },
    { "136.4": "0.14" },
    { "136.5": "0.15" },
    { "136.6": "0.15" },
    { "136.7": "0.15" },
    { "136.8": "0.14" },
    { "136.9": "0.16" },
    { "137.0": "0.16" },
    { "137.1": "0.15" },
    { "137.2": "0.15" },
    { "137.3": "0.16" },
    { "137.4": "0.15" },
    { "137.5": "0.16" },
    { "137.6": "0.15" },
    { "137.7": "0.15" },
    { "137.8": "0.17" },
    { "137.9": "0.14" },
    { "138.0": "0.15" },
    { "138.1": "0.15" }
  ]
}
