{
  "userId": "megan@tendonloader.com",
  "painScore": "5.0",
  "timeStamp": { "seconds": "1627583818" , "nanoseconds": "914228000" },
  "isTolerable": "No pain",
  "isComplate": "true",
  "progressorId": "Not connected!",
  "mvcValue": "4.5",
  "exportData": [
    { "1.0": "0.0" },
    { "2.0": "0.5" },
    { "3.0": "1.0" },
    { "4.0": "1.5" },
    { "5.0": "2.0" },
    { "6.0": "2.5" },
    { "7.0": "3.0" },
    { "8.0": "3.5" },
    { "9.0": "4.0" },
    { "10.0": "4.5" },
    { "11.0": "5.0" }
  ]
}
