{
  "userId": "megan@tendonloader.com",
  "painScore": "9.0",
  "timeStamp": { "seconds": "1627577934" , "nanoseconds": "247370000" },
  "isTolerable": "Yes",
  "isComplate": "false",
  "progressorId": "Progressor_3773",
  "mvcValue": "11.32",
  "exportData": [
    { "92.8": "4.99" },
    { "92.9": "5.66" },
    { "93.0": "6.52" },
    { "93.1": "7.53" },
    { "93.2": "8.68" },
    { "93.3": "9.33" },
    { "93.4": "6.56" },
    { "93.5": "2.05" },
    { "93.6": "0.65" },
    { "93.7": "0.39" },
    { "93.8": "0.8" },
    { "93.9": "2.74" },
    { "94.0": "6.01" },
    { "94.1": "7.87" },
    { "94.2": "9.08" },
    { "94.3": "9.9" },
    { "94.4": "10.55" },
    { "94.5": "10.98" },
    { "94.6": "11.05" },
    { "94.7": "10.7" },
    { "94.8": "10.74" },
    { "94.9": "10.9" },
    { "95.0": "10.77" },
    { "95.1": "10.43" },
    { "95.2": "10.74" },
    { "95.3": "10.28" },
    { "95.4": "9.82" },
    { "95.5": "9.69" },
    { "95.6": "9.82" },
    { "95.7": "9.77" },
    { "95.8": "6.34" },
    { "95.9": "1.8" },
    { "96.0": "0.62" },
    { "96.1": "0.47" },
    { "96.2": "0.43" },
    { "96.3": "0.45" },
    { "96.4": "0.45" },
    { "96.5": "0.41" },
    { "96.6": "0.35" },
    { "96.7": "0.34" },
    { "96.8": "0.33" },
    { "96.9": "0.38" },
    { "97.0": "0.31" },
    { "97.1": "0.27" },
    { "97.2": "0.26" },
    { "97.3": "0.25" },
    { "97.4": "0.24" },
    { "97.5": "0.24" },
    { "97.6": "0.25" },
    { "97.7": "0.24" },
    { "97.8": "0.25" },
    { "97.9": "0.25" },
    { "98.0": "0.24" },
    { "98.1": "0.24" },
    { "98.2": "0.27" },
    { "98.3": "0.26" },
    { "98.4": "0.31" },
    { "98.5": "1.04" },
    { "98.6": "2.39" },
    { "98.7": "3.92" },
    { "98.8": "4.69" },
    { "98.9": "5.06" },
    { "99.0": "5.49" },
    { "99.1": "5.88" },
    { "99.2": "6.02" },
    { "99.3": "6.42" },
    { "99.4": "6.57" },
    { "99.5": "4.85" },
    { "99.6": "1.54" },
    { "99.7": "0.52" },
    { "99.8": "0.32" },
    { "99.9": "0.27" },
    { "100.0": "0.29" },
    { "100.1": "0.46" },
    { "100.2": "0.89" },
    { "100.3": "1.2" },
    { "100.4": "1.54" },
    { "100.5": "1.76" },
    { "100.6": "2.29" },
    { "100.7": "3.6" },
    { "100.8": "4.61" },
    { "100.9": "5.81" },
    { "101.0": "6.62" },
    { "101.1": "7.4" },
    { "101.2": "7.99" },
    { "101.3": "8.86" },
    { "101.4": "8.84" },
    { "101.5": "9.28" },
    { "101.6": "9.66" },
    { "101.7": "10.3" },
    { "101.8": "10.58" },
    { "101.9": "10.72" },
    { "102.0": "10.81" },
    { "102.1": "6.56" },
    { "102.2": "2.57" },
    { "102.3": "0.95" },
    { "102.4": "0.55" },
    { "102.5": "0.46" },
    { "102.6": "0.53" },
    { "102.7": "0.57" },
    { "102.8": "1.23" },
    { "102.9": "2.42" },
    { "103.0": "3.15" },
    { "103.1": "3.92" },
    { "103.2": "4.34" },
    { "103.3": "4.67" },
    { "103.4": "5.31" },
    { "103.5": "5.63" },
    { "103.6": "6.29" },
    { "103.7": "7.49" },
    { "103.8": "8.45" },
    { "103.9": "8.99" },
    { "104.0": "9.5" },
    { "104.1": "9.82" },
    { "104.2": "10.53" },
    { "104.3": "11.02" },
    { "104.4": "11.08" },
    { "104.5": "11.15" },
    { "104.6": "11.25" },
    { "104.7": "11.32" },
    { "104.8": "11.17" },
    { "104.9": "11.26" },
    { "105.0": "10.68" },
    { "105.1": "10.1" },
    { "105.2": "9.84" },
    { "105.3": "9.45" },
    { "105.4": "9.14" },
    { "105.5": "9.16" },
    { "105.6": "9.79" },
    { "105.7": "10.26" },
    { "105.8": "10.43" },
    { "105.9": "10.31" },
    { "106.0": "10.45" },
    { "106.1": "10.45" },
    { "106.2": "10.04" },
    { "106.3": "9.94" },
    { "106.4": "9.72" },
    { "106.5": "9.8" },
    { "106.6": "10.26" },
    { "106.7": "10.2" },
    { "106.8": "10.04" },
    { "106.9": "7.3" },
    { "107.0": "1.2" },
    { "107.1": "0.2" },
    { "107.2": "0.2" },
    { "107.3": "0.2" },
    { "107.4": "0.19" },
    { "107.5": "0.21" },
    { "107.6": "0.18" },
    { "107.7": "0.19" },
    { "107.8": "0.2" },
    { "107.9": "0.19" },
    { "108.0": "0.18" },
    { "108.1": "0.18" },
    { "108.2": "0.19" },
    { "108.3": "0.21" },
    { "108.4": "0.24" },
    { "108.5": "0.25" },
    { "108.6": "0.26" },
    { "108.7": "0.16" },
    { "108.8": "0.16" },
    { "108.9": "0.15" },
    { "109.0": "0.17" },
    { "109.1": "0.17" },
    { "109.2": "0.17" },
    { "109.3": "0.18" },
    { "109.4": "0.15" },
    { "109.5": "0.17" },
    { "109.6": "0.17" },
    { "109.7": "0.16" },
    { "109.8": "0.15" },
    { "109.9": "0.17" },
    { "110.0": "0.15" },
    { "110.1": "0.16" },
    { "110.2": "0.17" },
    { "110.3": "0.15" },
    { "110.4": "0.15" },
    { "110.5": "0.16" },
    { "110.6": "0.17" },
    { "110.7": "0.15" },
    { "110.8": "0.13" },
    { "110.9": "0.15" },
    { "111.0": "0.14" },
    { "111.1": "0.15" },
    { "111.2": "0.17" },
    { "111.3": "0.16" },
    { "111.4": "0.17" },
    { "111.5": "0.13" },
    { "111.6": "0.16" },
    { "111.7": "0.14" },
    { "111.8": "0.16" },
    { "111.9": "0.18" },
    { "112.0": "0.15" },
    { "112.1": "0.16" },
    { "112.2": "0.16" },
    { "112.3": "0.16" },
    { "112.4": "0.17" },
    { "112.5": "0.15" },
    { "112.6": "0.16" },
    { "112.7": "0.16" },
    { "112.8": "0.16" },
    { "112.9": "0.16" },
    { "113.0": "0.17" },
    { "113.1": "0.15" },
    { "113.2": "0.17" },
    { "113.3": "0.15" },
    { "113.4": "0.16" },
    { "113.5": "0.16" },
    { "113.6": "0.16" },
    { "113.7": "0.16" },
    { "113.8": "0.16" },
    { "113.9": "0.17" },
    { "114.0": "0.16" },
    { "114.1": "0.15" },
    { "114.2": "0.18" },
    { "114.3": "0.16" },
    { "114.4": "0.16" },
    { "114.5": "0.16" },
    { "114.6": "0.16" },
    { "114.7": "0.16" },
    { "114.8": "0.17" },
    { "114.9": "0.16" },
    { "115.0": "0.16" },
    { "115.1": "0.17" },
    { "115.2": "0.15" },
    { "115.3": "0.16" },
    { "115.4": "0.16" },
    { "115.5": "0.18" },
    { "115.6": "0.16" },
    { "115.7": "0.16" },
    { "115.8": "0.17" },
    { "115.9": "0.14" },
    { "116.0": "0.17" },
    { "116.1": "0.16" },
    { "116.2": "0.17" },
    { "116.3": "0.15" },
    { "116.4": "0.15" },
    { "116.5": "0.16" },
    { "116.6": "0.14" },
    { "116.7": "0.16" },
    { "116.8": "0.14" },
    { "116.9": "0.15" },
    { "117.0": "0.17" },
    { "117.1": "0.14" },
    { "117.2": "0.16" },
    { "117.3": "0.13" },
    { "117.4": "0.15" },
    { "117.5": "0.15" },
    { "117.6": "0.15" },
    { "117.7": "0.16" },
    { "117.8": "0.16" },
    { "117.9": "0.17" },
    { "118.0": "0.16" },
    { "118.1": "0.16" },
    { "118.2": "0.15" },
    { "118.3": "0.15" },
    { "118.4": "0.16" },
    { "118.5": "0.16" },
    { "118.6": "0.16" },
    { "118.7": "0.16" },
    { "118.8": "0.15" },
    { "118.9": "0.16" },
    { "119.0": "0.15" },
    { "119.1": "0.16" },
    { "119.2": "0.16" },
    { "119.3": "0.16" },
    { "119.4": "0.16" },
    { "119.5": "0.16" },
    { "119.6": "0.16" },
    { "119.7": "0.16" },
    { "119.8": "0.15" },
    { "119.9": "0.15" },
    { "120.0": "0.16" },
    { "120.1": "0.16" },
    { "120.2": "0.16" },
    { "120.3": "0.15" },
    { "120.4": "0.16" },
    { "120.5": "0.14" },
    { "120.6": "0.15" },
    { "120.7": "0.15" },
    { "120.8": "0.15" },
    { "120.9": "0.17" },
    { "121.0": "0.13" },
    { "121.1": "0.16" },
    { "121.2": "0.14" },
    { "121.3": "0.14" },
    { "121.4": "0.15" },
    { "121.5": "0.15" },
    { "121.6": "0.16" },
    { "121.7": "0.14" },
    { "121.8": "0.14" },
    { "121.9": "0.14" },
    { "122.0": "0.15" },
    { "122.1": "0.16" },
    { "122.2": "0.16" },
    { "122.3": "0.16" },
    { "122.4": "0.14" },
    { "122.5": "0.16" },
    { "122.6": "0.16" },
    { "122.7": "0.14" },
    { "122.8": "0.16" },
    { "122.9": "0.14" },
    { "123.0": "0.14" },
    { "123.1": "0.14" },
    { "123.2": "0.15" },
    { "123.3": "0.16" },
    { "123.4": "0.15" },
    { "123.5": "0.16" },
    { "123.6": "0.15" },
    { "123.7": "0.17" },
    { "123.8": "0.15" },
    { "123.9": "0.15" },
    { "124.0": "0.16" },
    { "124.1": "0.15" },
    { "124.2": "0.15" },
    { "124.3": "0.15" },
    { "124.4": "0.14" },
    { "124.5": "0.15" },
    { "124.6": "0.15" },
    { "124.7": "0.15" },
    { "124.8": "0.14" },
    { "124.9": "0.16" },
    { "125.0": "0.15" },
    { "125.1": "0.14" },
    { "125.2": "0.15" },
    { "125.3": "0.16" },
    { "125.4": "0.15" },
    { "125.5": "0.16" },
    { "125.6": "0.13" },
    { "125.7": "0.16" },
    { "125.8": "0.15" },
    { "125.9": "0.16" },
    { "126.0": "0.15" },
    { "126.1": "0.15" },
    { "126.2": "0.15" },
    { "126.3": "0.12" },
    { "126.4": "0.15" },
    { "126.5": "0.16" },
    { "126.6": "0.15" },
    { "126.7": "0.15" },
    { "126.8": "0.13" },
    { "126.9": "0.15" },
    { "127.0": "0.14" },
    { "127.1": "0.14" },
    { "127.2": "0.14" },
    { "127.3": "0.14" },
    { "127.4": "0.16" },
    { "127.5": "0.14" },
    { "127.6": "0.16" },
    { "127.7": "0.14" },
    { "127.8": "0.15" },
    { "127.9": "0.16" },
    { "128.0": "0.15" },
    { "128.1": "0.15" },
    { "128.2": "0.14" },
    { "128.3": "0.14" },
    { "128.4": "0.14" },
    { "128.5": "0.15" },
    { "128.6": "0.14" },
    { "128.7": "0.16" },
    { "128.8": "0.15" },
    { "128.9": "0.14" },
    { "129.0": "0.14" },
    { "129.1": "0.15" },
    { "129.2": "0.15" },
    { "129.3": "0.15" },
    { "129.4": "0.15" },
    { "129.5": "0.15" },
    { "129.6": "0.14" },
    { "129.7": "0.14" },
    { "129.8": "0.16" },
    { "129.9": "0.14" },
    { "130.0": "0.15" },
    { "130.1": "0.15" },
    { "130.2": "0.14" },
    { "130.3": "0.15" },
    { "130.4": "0.16" },
    { "130.5": "0.15" },
    { "130.6": "0.13" },
    { "130.7": "0.13" },
    { "130.8": "0.15" },
    { "130.9": "0.14" },
    { "131.0": "0.15" },
    { "131.1": "0.14" },
    { "131.2": "0.16" },
    { "131.3": "0.15" },
    { "131.4": "0.13" },
    { "131.5": "0.14" },
    { "131.6": "0.15" },
    { "131.7": "0.14" },
    { "131.8": "0.14" },
    { "131.9": "0.11" },
    { "132.0": "0.14" },
    { "132.1": "0.12" },
    { "132.2": "0.14" },
    { "132.3": "0.13" },
    { "132.4": "0.14" },
    { "132.5": "0.14" },
    { "132.6": "0.11" },
    { "132.7": "0.14" },
    { "132.8": "0.11" },
    { "132.9": "0.14" },
    { "133.0": "0.15" },
    { "133.1": "0.14" },
    { "133.2": "0.15" },
    { "133.3": "0.14" },
    { "133.4": "0.14" },
    { "133.5": "0.14" },
    { "133.6": "0.15" },
    { "133.7": "0.15" },
    { "133.8": "0.14" },
    { "133.9": "0.14" },
    { "134.0": "0.14" },
    { "134.1": "0.16" },
    { "134.2": "0.15" },
    { "134.3": "0.16" },
    { "134.4": "0.15" },
    { "134.5": "0.14" },
    { "134.6": "0.15" },
    { "134.7": "0.15" },
    { "134.8": "0.14" },
    { "134.9": "0.14" },
    { "135.0": "0.14" },
    { "135.1": "0.14" },
    { "135.2": "0.14" },
    { "135.3": "0.14" },
    { "135.4": "0.14" },
    { "135.5": "0.15" },
    { "135.6": "0.15" },
    { "135.7": "0.14" },
    { "135.8": "0.14" },
    { "135.9": "0.14" },
    { "136.0": "0.14" },
    { "136.1": "0.14" },
    { "136.2": "0.14" },
    { "136.3": "0.15" },
    { "136.4": "0.14" },
    { "136.5": "0.14" },
    { "136.6": "0.14" },
    { "136.7": "0.14" },
    { "136.8": "0.14" },
    { "136.9": "0.14" },
    { "137.0": "0.13" },
    { "137.1": "0.14" },
    { "137.2": "0.12" },
    { "137.3": "0.15" },
    { "137.4": "0.14" },
    { "137.5": "0.14" },
    { "137.6": "0.15" },
    { "137.7": "0.12" },
    { "137.8": "0.15" },
    { "137.9": "0.13" },
    { "138.0": "0.14" },
    { "138.1": "0.14" },
    { "138.2": "0.14" },
    { "138.3": "0.14" },
    { "138.4": "0.12" },
    { "138.5": "0.16" },
    { "138.6": "0.14" },
    { "138.7": "0.15" },
    { "138.8": "0.14" },
    { "138.9": "0.14" },
    { "139.0": "0.13" },
    { "139.1": "0.13" },
    { "139.2": "0.14" },
    { "139.3": "0.14" },
    { "139.4": "0.15" },
    { "139.5": "0.15" },
    { "139.6": "0.13" },
    { "139.7": "0.14" },
    { "139.8": "0.14" },
    { "139.9": "0.14" },
    { "140.0": "0.14" },
    { "140.1": "0.14" },
    { "140.2": "0.15" },
    { "140.3": "0.14" },
    { "140.4": "0.15" },
    { "140.5": "0.13" },
    { "140.6": "0.14" },
    { "140.7": "0.15" },
    { "140.8": "0.14" },
    { "140.9": "0.14" },
    { "141.0": "0.13" },
    { "141.1": "0.14" },
    { "141.2": "0.15" },
    { "141.3": "0.15" },
    { "141.4": "0.14" },
    { "141.5": "0.14" },
    { "141.6": "0.13" },
    { "141.7": "0.14" },
    { "141.8": "0.15" },
    { "141.9": "0.14" },
    { "142.0": "0.15" },
    { "142.1": "0.13" },
    { "142.2": "0.15" },
    { "142.3": "0.13" },
    { "142.4": "0.12" },
    { "142.5": "0.14" },
    { "142.6": "0.14" },
    { "142.7": "0.13" },
    { "142.8": "0.12" },
    { "142.9": "0.14" },
    { "143.0": "0.14" },
    { "143.1": "0.14" },
    { "143.2": "0.13" },
    { "143.3": "0.14" },
    { "143.4": "0.12" },
    { "143.5": "0.12" },
    { "143.6": "0.14" },
    { "143.7": "0.13" },
    { "143.8": "0.14" },
    { "143.9": "0.13" },
    { "144.0": "0.13" },
    { "144.1": "0.13" },
    { "144.2": "0.12" },
    { "144.3": "0.14" },
    { "144.4": "0.15" },
    { "144.5": "0.13" },
    { "144.6": "0.14" },
    { "144.7": "0.13" },
    { "144.8": "0.16" },
    { "144.9": "0.12" },
    { "145.0": "0.14" },
    { "145.1": "0.14" },
    { "145.2": "0.13" },
    { "145.3": "0.13" },
    { "145.4": "0.14" },
    { "145.5": "0.14" },
    { "145.6": "0.14" },
    { "145.7": "0.13" },
    { "145.8": "0.14" },
    { "145.9": "0.15" },
    { "146.0": "0.13" },
    { "146.1": "0.14" },
    { "146.2": "0.14" },
    { "146.3": "0.13" },
    { "146.4": "0.14" },
    { "146.5": "0.14" },
    { "146.6": "0.14" },
    { "146.7": "0.14" },
    { "146.8": "0.13" },
    { "146.9": "0.14" },
    { "147.0": "0.13" },
    { "147.1": "0.13" },
    { "147.2": "0.14" },
    { "147.3": "0.13" },
    { "147.4": "0.13" },
    { "147.5": "0.13" },
    { "147.6": "0.14" },
    { "147.7": "0.13" },
    { "147.8": "0.14" },
    { "147.9": "0.14" },
    { "148.0": "0.13" },
    { "148.1": "0.1" },
    { "148.2": "0.13" },
    { "148.3": "0.14" },
    { "148.4": "0.13" },
    { "148.5": "0.13" },
    { "148.6": "0.13" },
    { "148.7": "0.14" },
    { "148.8": "0.12" },
    { "148.9": "0.16" },
    { "149.0": "0.11" },
    { "149.1": "0.13" },
    { "149.2": "0.13" },
    { "149.3": "0.12" },
    { "149.4": "0.13" },
    { "149.5": "0.12" },
    { "149.6": "0.13" },
    { "149.7": "0.14" },
    { "149.8": "0.14" },
    { "149.9": "0.13" },
    { "150.0": "0.12" },
    { "150.1": "0.14" },
    { "150.2": "0.14" },
    { "150.3": "0.14" },
    { "150.4": "0.13" },
    { "150.5": "0.14" },
    { "150.6": "0.13" },
    { "150.7": "0.13" },
    { "150.8": "0.13" },
    { "150.9": "0.13" },
    { "151.0": "0.13" },
    { "151.1": "0.12" },
    { "151.2": "0.13" },
    { "151.3": "0.12" },
    { "151.4": "0.14" },
    { "151.5": "0.14" },
    { "151.6": "0.13" },
    { "151.7": "0.14" },
    { "151.8": "0.14" },
    { "151.9": "0.14" },
    { "152.0": "0.13" },
    { "152.1": "0.13" },
    { "152.2": "0.14" },
    { "152.3": "0.13" },
    { "152.4": "0.13" },
    { "152.5": "0.13" },
    { "152.6": "0.13" },
    { "152.7": "0.13" },
    { "152.8": "0.12" },
    { "152.9": "0.16" },
    { "153.0": "0.14" },
    { "153.1": "0.14" },
    { "153.2": "0.13" },
    { "153.3": "0.14" },
    { "153.4": "0.13" },
    { "153.5": "0.13" },
    { "153.6": "0.13" },
    { "153.7": "0.14" },
    { "153.8": "0.12" },
    { "153.9": "0.13" },
    { "154.0": "0.13" },
    { "154.1": "0.14" },
    { "154.2": "0.14" },
    { "154.3": "0.13" },
    { "154.4": "0.13" },
    { "154.5": "0.13" },
    { "154.6": "0.11" },
    { "154.7": "0.14" },
    { "154.8": "0.13" },
    { "154.9": "0.13" },
    { "155.0": "0.13" },
    { "155.1": "0.13" },
    { "155.2": "0.13" },
    { "155.3": "0.12" },
    { "155.4": "0.14" },
    { "155.5": "0.14" },
    { "155.6": "0.14" },
    { "155.7": "0.13" },
    { "155.8": "0.11" },
    { "155.9": "0.13" },
    { "156.0": "0.14" },
    { "156.1": "0.12" },
    { "156.2": "0.14" },
    { "156.3": "0.13" },
    { "156.4": "0.14" },
    { "156.5": "0.12" },
    { "156.6": "0.13" },
    { "156.7": "0.14" },
    { "156.8": "0.14" },
    { "156.9": "0.14" },
    { "157.0": "0.14" },
    { "157.1": "0.13" },
    { "157.2": "0.14" },
    { "157.3": "0.13" },
    { "157.4": "0.13" },
    { "157.5": "0.14" },
    { "157.6": "0.13" },
    { "157.7": "0.14" },
    { "157.8": "0.12" },
    { "157.9": "0.14" },
    { "158.0": "0.12" },
    { "158.1": "0.13" },
    { "158.2": "0.13" },
    { "158.3": "0.13" },
    { "158.4": "0.14" },
    { "158.5": "0.13" },
    { "158.6": "0.13" },
    { "158.7": "0.13" },
    { "158.8": "0.13" },
    { "158.9": "0.14" },
    { "159.0": "0.11" },
    { "159.1": "0.13" },
    { "159.2": "0.13" },
    { "159.3": "0.12" },
    { "159.4": "0.14" },
    { "159.5": "0.12" },
    { "159.6": "0.12" },
    { "159.7": "0.1" },
    { "159.8": "0.13" },
    { "159.9": "0.14" },
    { "160.0": "0.14" },
    { "160.1": "0.13" },
    { "160.2": "0.12" },
    { "160.3": "0.13" },
    { "160.4": "0.12" },
    { "160.5": "0.14" },
    { "160.6": "0.13" },
    { "160.7": "0.13" },
    { "160.8": "0.15" },
    { "160.9": "0.12" },
    { "161.0": "0.13" },
    { "161.1": "0.12" },
    { "161.2": "0.14" },
    { "161.3": "0.13" },
    { "161.4": "0.13" },
    { "161.5": "0.12" },
    { "161.6": "0.14" },
    { "161.7": "0.11" },
    { "161.8": "0.13" },
    { "161.9": "0.14" },
    { "162.0": "0.13" },
    { "162.1": "0.14" },
    { "162.2": "0.14" },
    { "162.3": "0.13" },
    { "162.4": "0.12" },
    { "162.5": "0.13" },
    { "162.6": "0.14" },
    { "162.7": "0.13" },
    { "162.8": "0.13" },
    { "162.9": "0.13" },
    { "163.0": "0.14" },
    { "163.1": "0.13" },
    { "163.2": "0.13" },
    { "163.3": "0.14" },
    { "163.4": "0.13" },
    { "163.5": "0.13" },
    { "163.6": "0.13" },
    { "163.7": "0.14" },
    { "163.8": "0.14" },
    { "163.9": "0.13" },
    { "164.0": "0.13" },
    { "164.1": "0.12" },
    { "164.2": "0.12" },
    { "164.3": "0.13" },
    { "164.4": "0.13" },
    { "164.5": "0.13" },
    { "164.6": "0.11" },
    { "164.7": "0.14" },
    { "164.8": "0.11" },
    { "164.9": "0.14" },
    { "165.0": "0.12" },
    { "165.1": "0.13" },
    { "165.2": "0.13" },
    { "165.3": "0.14" },
    { "165.4": "0.13" },
    { "165.5": "0.11" },
    { "165.6": "0.13" },
    { "165.7": "0.13" },
    { "165.8": "0.13" },
    { "165.9": "0.13" },
    { "166.0": "0.12" },
    { "166.1": "0.14" },
    { "166.2": "0.13" },
    { "166.3": "0.15" },
    { "166.4": "0.14" },
    { "166.5": "0.13" },
    { "166.6": "0.12" },
    { "166.7": "0.13" },
    { "166.8": "0.12" },
    { "166.9": "0.12" },
    { "167.0": "0.12" },
    { "167.1": "0.12" },
    { "167.2": "0.14" },
    { "167.3": "0.13" },
    { "167.4": "0.13" },
    { "167.5": "0.13" },
    { "167.6": "0.12" },
    { "167.7": "0.13" },
    { "167.8": "0.13" },
    { "167.9": "0.13" },
    { "168.0": "0.14" },
    { "168.1": "0.13" },
    { "168.2": "0.14" },
    { "168.3": "0.13" },
    { "168.4": "0.12" },
    { "168.5": "0.12" },
    { "168.6": "0.13" },
    { "168.7": "0.12" },
    { "168.8": "0.13" },
    { "168.9": "0.13" },
    { "169.0": "0.12" },
    { "169.1": "0.13" },
    { "169.2": "0.13" },
    { "169.3": "0.12" },
    { "169.4": "0.12" },
    { "169.5": "0.13" },
    { "169.6": "0.12" },
    { "169.7": "0.14" },
    { "169.8": "0.14" },
    { "169.9": "0.13" },
    { "170.0": "0.13" },
    { "170.1": "0.12" },
    { "170.2": "0.12" },
    { "170.3": "0.12" },
    { "170.4": "0.11" },
    { "170.5": "0.13" },
    { "170.6": "0.09" },
    { "170.7": "0.13" },
    { "170.8": "0.12" },
    { "170.9": "0.13" },
    { "171.0": "0.12" },
    { "171.1": "0.11" },
    { "171.2": "0.13" },
    { "171.3": "0.1" },
    { "171.4": "0.14" },
    { "171.5": "0.12" },
    { "171.6": "0.12" },
    { "171.7": "0.12" },
    { "171.8": "0.11" },
    { "171.9": "0.13" },
    { "172.0": "0.09" },
    { "172.1": "0.12" },
    { "172.2": "0.13" },
    { "172.3": "0.13" },
    { "172.4": "0.13" },
    { "172.5": "0.12" },
    { "172.6": "0.13" },
    { "172.7": "0.13" },
    { "172.8": "0.13" },
    { "172.9": "0.13" },
    { "173.0": "0.13" },
    { "173.1": "0.13" },
    { "173.2": "0.13" },
    { "173.3": "0.13" },
    { "173.4": "0.12" },
    { "173.5": "0.12" },
    { "173.6": "0.13" },
    { "173.7": "0.12" },
    { "173.8": "0.12" },
    { "173.9": "0.13" },
    { "174.0": "0.14" },
    { "174.1": "0.12" },
    { "174.2": "0.13" },
    { "174.3": "0.13" },
    { "174.4": "0.12" },
    { "174.5": "0.13" },
    { "174.6": "0.13" },
    { "174.7": "0.12" },
    { "174.8": "0.13" },
    { "174.9": "0.13" },
    { "175.0": "0.13" },
    { "175.1": "0.13" },
    { "175.2": "0.11" },
    { "175.3": "0.12" },
    { "175.4": "0.13" },
    { "175.5": "0.13" },
    { "175.6": "0.13" },
    { "175.7": "0.11" },
    { "175.8": "0.13" },
    { "175.9": "0.1" },
    { "176.0": "0.13" },
    { "176.1": "0.11" },
    { "176.2": "0.11" },
    { "176.3": "0.14" },
    { "176.4": "0.1" },
    { "176.5": "0.12" },
    { "176.6": "0.11" },
    { "176.7": "0.13" },
    { "176.8": "0.13" },
    { "176.9": "0.12" },
    { "177.0": "0.13" },
    { "177.1": "0.1" },
    { "177.2": "0.12" },
    { "177.3": "0.12" },
    { "177.4": "0.12" },
    { "177.5": "0.12" },
    { "177.6": "0.13" },
    { "177.7": "0.12" },
    { "177.8": "0.12" },
    { "177.9": "0.12" },
    { "178.0": "0.12" },
    { "178.1": "0.14" },
    { "178.2": "0.13" },
    { "178.3": "0.13" },
    { "178.4": "0.14" },
    { "178.5": "0.12" },
    { "178.6": "0.13" },
    { "178.7": "0.13" },
    { "178.8": "0.14" },
    { "178.9": "0.13" },
    { "179.0": "0.1" },
    { "179.1": "0.13" },
    { "179.2": "0.13" },
    { "179.3": "0.13" },
    { "179.4": "0.13" },
    { "179.5": "0.14" },
    { "179.6": "0.14" },
    { "179.7": "0.11" },
    { "179.8": "0.12" },
    { "179.9": "0.13" },
    { "180.0": "0.12" },
    { "180.1": "0.12" },
    { "180.2": "0.12" },
    { "180.3": "0.11" },
    { "180.4": "0.13" },
    { "180.5": "0.12" },
    { "180.6": "0.13" },
    { "180.7": "0.13" },
    { "180.8": "0.11" },
    { "180.9": "0.13" },
    { "181.0": "0.11" },
    { "181.1": "0.13" },
    { "181.2": "0.11" },
    { "181.3": "0.13" },
    { "181.4": "0.13" },
    { "181.5": "0.11" },
    { "181.6": "0.12" },
    { "181.7": "0.11" },
    { "181.8": "0.12" },
    { "181.9": "0.13" },
    { "182.0": "0.11" },
    { "182.1": "0.13" },
    { "182.2": "0.1" },
    { "182.3": "0.13" },
    { "182.4": "0.1" },
    { "182.5": "0.13" },
    { "182.6": "0.13" },
    { "182.7": "0.14" },
    { "182.8": "0.12" },
    { "182.9": "0.1" },
    { "183.0": "0.13" },
    { "183.1": "0.11" },
    { "183.2": "0.13" },
    { "183.3": "0.13" },
    { "183.4": "0.12" },
    { "183.5": "0.12" },
    { "183.6": "0.11" },
    { "183.7": "0.12" },
    { "183.8": "0.12" },
    { "183.9": "0.13" },
    { "184.0": "0.12" },
    { "184.1": "0.12" },
    { "184.2": "0.12" },
    { "184.3": "0.13" },
    { "184.4": "0.12" },
    { "184.5": "0.12" },
    { "184.6": "0.13" },
    { "184.7": "0.11" },
    { "184.8": "0.14" },
    { "184.9": "0.13" },
    { "185.0": "0.12" },
    { "185.1": "0.12" },
    { "185.2": "0.12" },
    { "185.3": "0.11" },
    { "185.4": "0.1" },
    { "185.5": "0.13" },
    { "185.6": "0.12" },
    { "185.7": "0.14" },
    { "185.8": "0.13" },
    { "185.9": "0.12" },
    { "186.0": "0.12" },
    { "186.1": "0.13" },
    { "186.2": "0.12" },
    { "186.3": "0.13" },
    { "186.4": "0.12" },
    { "186.5": "0.12" },
    { "186.6": "0.09" },
    { "186.7": "0.13" },
    { "186.8": "0.1" },
    { "186.9": "0.13" },
    { "187.0": "0.12" },
    { "187.1": "0.12" },
    { "187.2": "0.12" },
    { "187.3": "0.1" },
    { "187.4": "0.12" },
    { "187.5": "0.09" },
    { "187.6": "0.12" },
    { "187.7": "0.12" },
    { "187.8": "0.11" },
    { "187.9": "0.13" },
    { "188.0": "0.11" },
    { "188.1": "0.12" },
    { "188.2": "0.11" },
    { "188.3": "0.13" },
    { "188.4": "0.13" },
    { "188.5": "0.1" },
    { "188.6": "0.12" },
    { "188.7": "0.13" },
    { "188.8": "0.13" },
    { "188.9": "0.11" },
    { "189.0": "0.12" },
    { "189.1": "0.12" },
    { "189.2": "0.13" },
    { "189.3": "0.11" },
    { "189.4": "0.12" },
    { "189.5": "0.12" },
    { "189.6": "0.11" },
    { "189.7": "0.12" },
    { "189.8": "0.12" },
    { "189.9": "0.12" },
    { "190.0": "0.12" },
    { "190.1": "0.12" },
    { "190.2": "0.12" },
    { "190.3": "0.11" },
    { "190.4": "0.13" },
    { "190.5": "0.11" },
    { "190.6": "0.11" },
    { "190.7": "0.12" },
    { "190.8": "0.13" },
    { "190.9": "0.12" },
    { "191.0": "0.12" },
    { "191.1": "0.12" },
    { "191.2": "0.13" },
    { "191.3": "0.1" },
    { "191.4": "0.11" },
    { "191.5": "0.12" },
    { "191.6": "0.12" },
    { "191.7": "0.1" },
    { "191.8": "0.11" },
    { "191.9": "0.11" },
    { "192.0": "0.13" },
    { "192.1": "0.13" },
    { "192.2": "0.11" },
    { "192.3": "0.12" },
    { "192.4": "0.1" },
    { "192.5": "0.11" },
    { "192.6": "0.1" },
    { "192.7": "0.13" },
    { "192.8": "0.13" },
    { "192.9": "0.12" },
    { "193.0": "0.12" },
    { "193.1": "0.1" },
    { "193.2": "0.13" },
    { "193.3": "0.12" },
    { "193.4": "0.11" },
    { "193.5": "0.12" },
    { "193.6": "0.11" },
    { "193.7": "0.12" },
    { "193.8": "0.12" },
    { "193.9": "0.12" },
    { "194.0": "0.12" },
    { "194.1": "0.12" },
    { "194.2": "0.13" },
    { "194.3": "0.12" },
    { "194.4": "0.14" },
    { "194.5": "0.12" },
    { "194.6": "0.13" },
    { "194.7": "0.11" },
    { "194.8": "0.12" },
    { "194.9": "0.12" },
    { "195.0": "0.13" },
    { "195.1": "0.12" },
    { "195.2": "0.12" },
    { "195.3": "0.13" },
    { "195.4": "0.13" },
    { "195.5": "0.14" },
    { "195.6": "0.1" },
    { "195.7": "0.12" },
    { "195.8": "0.1" },
    { "195.9": "0.12" },
    { "196.0": "0.12" },
    { "196.1": "0.12" },
    { "196.2": "0.11" },
    { "196.3": "0.11" },
    { "196.4": "0.12" },
    { "196.5": "0.11" },
    { "196.6": "0.11" },
    { "196.7": "0.13" },
    { "196.8": "0.11" },
    { "196.9": "0.12" },
    { "197.0": "0.11" },
    { "197.1": "0.12" },
    { "197.2": "0.12" },
    { "197.3": "0.13" },
    { "197.4": "0.11" },
    { "197.5": "0.09" },
    { "197.6": "0.12" },
    { "197.7": "0.11" },
    { "197.8": "0.11" },
    { "197.9": "0.12" },
    { "198.0": "0.11" },
    { "198.1": "0.12" },
    { "198.2": "0.1" },
    { "198.3": "0.12" },
    { "198.4": "0.1" },
    { "198.5": "0.11" },
    { "198.6": "0.12" },
    { "198.7": "0.12" },
    { "198.8": "0.12" },
    { "198.9": "0.11" },
    { "199.0": "0.12" },
    { "199.1": "0.11" },
    { "199.2": "0.12" },
    { "199.3": "0.13" },
    { "199.4": "0.11" },
    { "199.5": "0.13" },
    { "199.6": "0.12" },
    { "199.7": "0.12" },
    { "199.8": "0.11" },
    { "199.9": "0.11" },
    { "200.0": "0.11" },
    { "200.1": "0.12" },
    { "200.2": "0.11" },
    { "200.3": "0.13" },
    { "200.4": "0.11" },
    { "200.5": "0.11" },
    { "200.6": "0.13" },
    { "200.7": "0.13" },
    { "200.8": "0.11" },
    { "200.9": "0.12" },
    { "201.0": "0.12" },
    { "201.1": "0.12" },
    { "201.2": "0.12" },
    { "201.3": "0.11" },
    { "201.4": "0.12" },
    { "201.5": "0.11" },
    { "201.6": "0.13" },
    { "201.7": "0.11" },
    { "201.8": "0.12" },
    { "201.9": "0.12" },
    { "202.0": "0.12" },
    { "202.1": "0.11" },
    { "202.2": "0.12" },
    { "202.3": "0.12" },
    { "202.4": "0.12" },
    { "202.5": "0.12" },
    { "202.6": "0.11" },
    { "202.7": "0.11" },
    { "202.8": "0.1" },
    { "202.9": "0.11" },
    { "203.0": "0.12" },
    { "203.1": "0.11" },
    { "203.2": "0.11" },
    { "203.3": "0.09" },
    { "203.4": "0.11" },
    { "203.5": "0.11" },
    { "203.6": "0.11" },
    { "203.7": "0.12" },
    { "203.8": "0.12" },
    { "203.9": "0.11" },
    { "204.0": "0.1" },
    { "204.1": "0.13" },
    { "204.2": "0.11" },
    { "204.3": "0.11" },
    { "204.4": "0.12" },
    { "204.5": "0.11" },
    { "204.6": "0.11" },
    { "204.7": "0.11" },
    { "204.8": "0.12" },
    { "204.9": "0.1" },
    { "205.0": "0.1" },
    { "205.1": "0.12" },
    { "205.2": "0.1" },
    { "205.3": "0.11" },
    { "205.4": "0.12" },
    { "205.5": "0.11" },
    { "205.6": "0.1" },
    { "205.7": "0.11" },
    { "205.8": "0.12" },
    { "205.9": "0.12" },
    { "206.0": "0.11" },
    { "206.1": "0.11" },
    { "206.2": "0.12" },
    { "206.3": "0.11" },
    { "206.4": "0.11" },
    { "206.5": "0.12" },
    { "206.6": "0.11" },
    { "206.7": "0.12" },
    { "206.8": "0.11" },
    { "206.9": "0.12" },
    { "207.0": "0.13" },
    { "207.1": "0.11" },
    { "207.2": "0.1" },
    { "207.3": "0.11" },
    { "207.4": "0.12" },
    { "207.5": "0.12" },
    { "207.6": "0.11" },
    { "207.7": "0.11" },
    { "207.8": "0.12" },
    { "207.9": "0.1" },
    { "208.0": "0.11" },
    { "208.1": "0.11" },
    { "208.2": "0.11" },
    { "208.3": "0.11" },
    { "208.4": "0.11" },
    { "208.5": "0.11" },
    { "208.6": "0.1" },
    { "208.7": "0.11" },
    { "208.8": "0.11" },
    { "208.9": "0.11" },
    { "209.0": "0.11" },
    { "209.1": "0.1" },
    { "209.2": "0.12" },
    { "209.3": "0.12" },
    { "209.4": "0.12" },
    { "209.5": "0.11" },
    { "209.6": "0.12" },
    { "209.7": "0.12" },
    { "209.8": "0.1" },
    { "209.9": "0.12" },
    { "210.0": "0.12" },
    { "210.1": "0.12" },
    { "210.2": "0.11" },
    { "210.3": "0.12" },
    { "210.4": "0.12" },
    { "210.5": "0.11" },
    { "210.6": "0.12" },
    { "210.7": "0.12" },
    { "210.8": "0.12" },
    { "210.9": "0.11" },
    { "211.0": "0.11" },
    { "211.1": "0.1" },
    { "211.2": "0.12" },
    { "211.3": "0.12" },
    { "211.4": "0.11" },
    { "211.5": "0.12" },
    { "211.6": "0.11" },
    { "211.7": "0.11" },
    { "211.8": "0.12" },
    { "211.9": "0.12" },
    { "212.0": "0.13" },
    { "212.1": "0.1" },
    { "212.2": "0.11" },
    { "212.3": "0.12" },
    { "212.4": "0.12" },
    { "212.5": "0.11" },
    { "212.6": "0.11" },
    { "212.7": "0.1" },
    { "212.8": "0.11" }
  ]
}
