{
  "userId": "mitul@gmail.com",
  "painScore": "2.0",
  "timeStamp": { "seconds": "1630435164" , "nanoseconds": "148981000" },
  "isTolerable": "Yes",
  "isComplate": "true",
  "progressorId": "Progressor_3582",
  "prescription": {
    "sets": "2",
    "reps": "2",
    "setRest": "5",
    "holdTime": "4",
    "restTime": "4",
    "targetLoad": "5.0",
    "mvcDuration": "0",
    "isAdmin": "null"
  },
  "exportData": [
    { "0.0": "0.0" },
    { "0.1": "0.25" },
    { "0.2": "0.29" },
    { "0.3": "0.29" },
    { "0.4": "0.32" },
    { "0.5": "0.32" },
    { "0.6": "0.5" },
    { "0.7": "0.77" },
    { "0.8": "1.25" },
    { "0.9": "1.72" },
    { "1.0": "2.25" },
    { "1.1": "2.97" },
    { "1.2": "3.61" },
    { "1.3": "4.16" },
    { "1.4": "4.65" },
    { "1.5": "5.38" },
    { "1.6": "6.18" },
    { "1.7": "7.0" },
    { "1.8": "7.08" },
    { "1.9": "6.9" },
    { "2.0": "6.43" },
    { "2.1": "5.59" },
    { "2.2": "4.11" },
    { "2.3": "2.64" },
    { "2.4": "2.3" },
    { "2.5": "2.73" },
    { "2.6": "2.79" },
    { "2.7": "2.44" },
    { "2.8": "2.42" },
    { "2.9": "2.95" },
    { "3.0": "3.72" },
    { "3.1": "4.71" },
    { "3.2": "5.23" },
    { "3.3": "5.48" },
    { "3.4": "5.48" },
    { "3.5": "3.75" },
    { "3.6": "1.98" },
    { "3.7": "0.9" },
    { "3.8": "0.3" },
    { "3.9": "0.14" },
    { "4.0": "0.07" },
    { "4.1": "0.03" },
    { "4.2": "0.01" },
    { "4.3": "0.01" },
    { "4.4": "0.0" },
    { "4.5": "0.0" },
    { "4.6": "0.01" },
    { "4.7": "0.0" },
    { "4.8": "0.01" },
    { "4.9": "0.0" },
    { "5.0": "0.01" },
    { "5.1": "0.0" },
    { "5.2": "0.0" },
    { "5.3": "0.0" },
    { "5.4": "0.0" },
    { "5.5": "0.0" },
    { "5.6": "0.0" },
    { "5.7": "0.0" },
    { "5.8": "0.01" },
    { "5.9": "0.01" },
    { "6.0": "0.01" },
    { "6.1": "0.0" },
    { "6.2": "0.0" },
    { "6.3": "0.01" },
    { "6.4": "0.0" },
    { "6.5": "0.0" },
    { "6.6": "0.01" },
    { "6.7": "0.01" },
    { "6.8": "0.02" },
    { "6.9": "0.01" },
    { "7.0": "0.02" },
    { "7.1": "0.01" },
    { "7.2": "0.06" },
    { "7.3": "0.05" },
    { "7.4": "0.1" },
    { "7.5": "0.15" },
    { "7.6": "0.29" },
    { "7.7": "0.56" },
    { "7.8": "0.83" },
    { "7.9": "0.74" },
    { "8.0": "0.48" },
    { "8.1": "0.13" },
    { "8.2": "0.01" },
    { "8.3": "0.01" },
    { "8.4": "0.0" },
    { "8.5": "0.01" },
    { "8.6": "0.0" },
    { "8.7": "0.0" },
    { "8.8": "0.0" },
    { "8.9": "0.01" },
    { "9.0": "0.0" },
    { "9.1": "0.0" },
    { "9.2": "0.01" },
    { "9.3": "0.0" },
    { "9.4": "0.01" },
    { "9.5": "0.0" },
    { "9.6": "0.0" },
    { "9.7": "0.0" },
    { "9.8": "0.02" },
    { "9.9": "0.02" },
    { "10.0": "0.02" },
    { "10.1": "0.02" },
    { "10.2": "0.01" },
    { "10.3": "0.01" },
    { "10.4": "0.01" },
    { "10.5": "0.01" },
    { "10.6": "0.08" },
    { "10.7": "0.2" },
    { "10.8": "0.62" },
    { "10.9": "1.07" },
    { "11.0": "1.5" },
    { "11.1": "1.9" },
    { "11.2": "2.45" },
    { "11.3": "2.98" },
    { "11.4": "3.43" },
    { "11.5": "4.14" },
    { "11.6": "4.51" },
    { "11.7": "4.75" },
    { "11.8": "4.86" },
    { "11.9": "4.87" },
    { "12.0": "5.03" },
    { "12.1": "5.43" },
    { "12.2": "5.38" },
    { "12.3": "5.12" },
    { "12.4": "4.95" },
    { "12.5": "4.86" },
    { "12.6": "4.77" },
    { "12.7": "4.88" },
    { "12.8": "5.09" },
    { "12.9": "5.03" },
    { "13.0": "5.07" },
    { "13.1": "5.07" },
    { "13.2": "4.99" },
    { "13.3": "4.74" },
    { "13.4": "3.64" },
    { "13.5": "2.28" },
    { "13.6": "1.67" },
    { "13.7": "1.64" },
    { "13.8": "1.59" },
    { "13.9": "1.57" },
    { "14.0": "1.29" },
    { "14.1": "0.97" },
    { "14.2": "0.98" },
    { "14.3": "0.93" },
    { "14.4": "0.8" },
    { "14.5": "0.44" },
    { "14.6": "0.22" },
    { "14.7": "0.12" },
    { "14.8": "0.05" },
    { "14.9": "0.03" },
    { "15.0": "0.01" },
    { "15.1": "0.01" },
    { "15.2": "0.01" },
    { "15.3": "0.0" },
    { "15.4": "0.01" },
    { "15.5": "0.01" },
    { "15.6": "0.0" },
    { "15.7": "0.01" },
    { "15.8": "0.0" },
    { "15.9": "0.0" },
    { "16.0": "0.0" },
    { "16.1": "0.01" },
    { "16.2": "0.0" },
    { "16.3": "0.01" },
    { "16.4": "0.0" },
    { "16.5": "0.01" },
    { "16.6": "0.01" },
    { "16.7": "0.0" },
    { "16.8": "0.0" },
    { "16.9": "0.01" },
    { "17.0": "0.01" },
    { "17.1": "0.0" },
    { "17.2": "0.01" },
    { "17.3": "0.02" },
    { "17.4": "0.0" },
    { "17.5": "0.02" },
    { "17.6": "0.01" },
    { "17.7": "0.0" },
    { "17.8": "0.01" },
    { "17.9": "0.01" },
    { "18.0": "0.0" },
    { "18.1": "0.02" },
    { "18.2": "0.02" },
    { "18.3": "0.02" },
    { "18.4": "0.01" },
    { "18.5": "0.02" },
    { "18.6": "0.02" },
    { "18.7": "0.02" },
    { "18.8": "0.02" },
    { "18.9": "0.02" },
    { "19.0": "0.01" },
    { "19.1": "0.0" },
    { "19.2": "0.01" },
    { "19.3": "0.0" },
    { "19.4": "0.01" },
    { "19.5": "0.01" },
    { "19.6": "0.01" },
    { "19.7": "0.01" },
    { "19.8": "0.02" },
    { "19.9": "0.02" },
    { "20.0": "0.01" },
    { "20.1": "0.01" },
    { "20.2": "0.0" },
    { "20.3": "0.0" },
    { "20.4": "0.01" },
    { "20.5": "0.01" },
    { "20.6": "0.0" },
    { "20.7": "0.02" },
    { "20.8": "0.02" },
    { "20.9": "0.0" },
    { "21.0": "0.02" },
    { "21.1": "0.02" },
    { "21.2": "0.0" },
    { "21.3": "0.02" },
    { "21.4": "0.01" },
    { "21.5": "0.01" },
    { "21.6": "0.04" },
    { "21.7": "0.09" },
    { "21.8": "0.38" },
    { "21.9": "0.77" },
    { "22.0": "1.21" },
    { "22.1": "1.58" },
    { "22.2": "2.27" },
    { "22.3": "2.94" },
    { "22.4": "3.56" },
    { "22.5": "4.12" },
    { "22.6": "4.53" },
    { "22.7": "4.83" },
    { "22.8": "4.97" },
    { "22.9": "5.21" },
    { "23.0": "5.18" },
    { "23.1": "5.19" },
    { "23.2": "5.1" },
    { "23.3": "5.17" },
    { "23.4": "5.37" },
    { "23.5": "5.39" },
    { "23.6": "5.44" },
    { "23.7": "5.43" },
    { "23.8": "5.56" },
    { "23.9": "5.43" },
    { "24.0": "5.3" },
    { "24.1": "5.07" },
    { "24.2": "4.87" },
    { "24.3": "4.76" },
    { "24.4": "4.78" },
    { "24.5": "4.72" },
    { "24.6": "4.72" },
    { "24.7": "4.54" },
    { "24.8": "3.04" },
    { "24.9": "1.59" },
    { "25.0": "1.13" },
    { "25.1": "0.53" },
    { "25.2": "0.22" },
    { "25.3": "0.14" },
    { "25.4": "0.08" },
    { "25.5": "0.02" },
    { "25.6": "0.0" },
    { "25.7": "0.03" },
    { "25.8": "0.0" },
    { "25.9": "0.0" },
    { "26.0": "0.01" },
    { "26.1": "0.01" },
    { "26.2": "0.0" },
    { "26.3": "0.01" },
    { "26.4": "0.01" },
    { "26.5": "0.01" },
    { "26.6": "0.01" },
    { "26.7": "0.0" },
    { "26.8": "0.02" },
    { "26.9": "0.0" },
    { "27.0": "0.01" },
    { "27.1": "0.0" },
    { "27.2": "0.0" },
    { "27.3": "0.01" },
    { "27.4": "0.0" },
    { "27.5": "0.01" },
    { "27.6": "0.0" },
    { "27.7": "0.0" },
    { "27.8": "0.01" },
    { "27.9": "0.01" },
    { "28.0": "0.0" },
    { "28.1": "0.0" },
    { "28.2": "0.0" },
    { "28.3": "0.01" },
    { "28.4": "0.01" },
    { "28.5": "0.0" },
    { "28.6": "0.0" },
    { "28.7": "0.01" },
    { "28.8": "0.0" },
    { "28.9": "0.0" },
    { "29.0": "0.0" },
    { "29.1": "0.01" },
    { "29.2": "0.01" },
    { "29.3": "0.02" },
    { "29.4": "0.01" },
    { "29.5": "0.0" },
    { "29.6": "0.01" },
    { "29.7": "0.0" },
    { "29.8": "0.0" },
    { "29.9": "0.0" },
    { "30.0": "0.01" },
    { "30.1": "0.0" },
    { "30.2": "0.0" },
    { "30.3": "0.0" },
    { "30.4": "0.02" },
    { "30.5": "0.0" },
    { "30.6": "0.01" },
    { "30.7": "0.25" },
    { "30.8": "0.83" },
    { "30.9": "1.54" },
    { "31.0": "2.15" },
    { "31.1": "2.78" },
    { "31.2": "3.08" },
    { "31.3": "3.46" },
    { "31.4": "3.94" },
    { "31.5": "4.44" },
    { "31.6": "4.9" },
    { "31.7": "4.94" },
    { "31.8": "4.97" },
    { "31.9": "4.97" },
    { "32.0": "4.92" },
    { "32.1": "4.9" },
    { "32.2": "4.84" },
    { "32.3": "4.78" },
    { "32.4": "4.82" },
    { "32.5": "4.88" },
    { "32.6": "4.82" },
    { "32.7": "4.76" },
    { "32.8": "4.52" },
    { "32.9": "4.35" },
    { "33.0": "3.99" },
    { "33.1": "3.06" },
    { "33.2": "2.29" },
    { "33.3": "2.39" },
    { "33.4": "4.53" },
    { "33.5": "7.46" },
    { "33.6": "8.12" },
    { "33.7": "7.9" },
    { "33.8": "7.6" },
    { "33.9": "4.09" },
    { "34.0": "0.87" },
    { "34.1": "0.13" },
    { "34.2": "0.0" },
    { "34.3": "0.01" },
    { "34.4": "0.0" },
    { "34.5": "0.0" },
    { "34.6": "0.01" },
    { "34.7": "0.0" },
    { "34.8": "0.0" },
    { "34.9": "0.01" },
    { "35.0": "0.0" },
    { "35.1": "0.0" }
  ]
}
