{
  "userId": "kohlemerry@tendonloader.com",
  "painScore": "4.0",
  "timeStamp": { "seconds": "1628542328" , "nanoseconds": "85145000" },
  "isTolerable": "No",
  "isComplate": "true",
  "progressorId": "Not connected!",
  "mvcValue": "1.9000000000000006",
  "exportData": [
    { "0.0": "0.0" },
    { "0.0": "0.1" },
    { "0.0": "0.2" },
    { "0.0": "0.30000000000000004" },
    { "0.0": "0.4" },
    { "0.0": "0.5" },
    { "0.0": "0.6" },
    { "0.0": "0.7" },
    { "0.0": "0.7999999999999999" },
    { "0.0": "0.8999999999999999" },
    { "1.0": "0.9999999999999999" },
    { "1.0": "1.0999999999999999" },
    { "1.0": "1.2" },
    { "1.0": "1.3" },
    { "1.0": "1.4000000000000001" },
    { "1.0": "1.5000000000000002" },
    { "1.0": "1.6000000000000003" },
    { "1.0": "1.7000000000000004" },
    { "1.0": "1.8000000000000005" },
    { "1.0": "1.9000000000000006" },
    { "2.0": "2.0000000000000004" }
  ]
}
