{
  "userId": "megan@tendonloader.com",
  "painScore": "5.0",
  "timeStamp": { "seconds": "1627579615" , "nanoseconds": "95838000" },
  "isTolerable": "Yes",
  "isComplate": "true",
  "progressorId": "Progressor_3773",
  "prescription": {
    "sets": "3",
    "reps": "3",
    "setRest": "3",
    "holdTime": "5",
    "restTime": "3",
    "targetLoad": "4.0",
    "mvcDuration": "0",
    "isAdmin": "null"
  },
  "exportData": [
    { "0.1": "0.19" },
    { "0.2": "0.21" },
    { "0.3": "0.43" },
    { "0.4": "1.56" },
    { "0.5": "2.75" },
    { "0.6": "3.44" },
    { "0.7": "3.86" },
    { "0.8": "4.12" },
    { "0.9": "4.3" },
    { "1.0": "4.65" },
    { "1.1": "5.01" },
    { "1.2": "4.96" },
    { "1.3": "4.78" },
    { "1.4": "3.91" },
    { "1.5": "3.69" },
    { "1.6": "3.86" },
    { "1.7": "3.89" },
    { "1.8": "3.79" },
    { "1.9": "3.72" },
    { "2.0": "3.64" },
    { "2.1": "3.54" },
    { "2.2": "3.44" },
    { "2.3": "3.32" },
    { "2.4": "3.32" },
    { "2.5": "3.4" },
    { "2.6": "3.4" },
    { "2.7": "3.41" },
    { "2.8": "3.39" },
    { "2.9": "3.37" },
    { "3.0": "3.37" },
    { "3.1": "3.53" },
    { "3.2": "3.64" },
    { "3.3": "3.82" },
    { "3.4": "3.84" },
    { "3.5": "3.79" },
    { "3.6": "3.63" },
    { "3.7": "3.53" },
    { "3.8": "3.53" },
    { "3.9": "3.42" },
    { "4.0": "3.27" },
    { "4.1": "3.29" },
    { "4.2": "3.1" },
    { "4.3": "3.09" },
    { "4.4": "2.88" },
    { "4.5": "1.82" },
    { "4.6": "0.95" },
    { "4.7": "0.43" },
    { "4.8": "0.23" },
    { "4.9": "0.16" },
    { "5.0": "0.15" },
    { "5.1": "0.16" },
    { "5.2": "0.16" },
    { "5.3": "0.17" },
    { "5.4": "0.18" },
    { "5.5": "0.16" },
    { "5.6": "0.18" },
    { "5.7": "0.17" },
    { "5.8": "0.15" },
    { "5.9": "0.15" },
    { "6.0": "0.16" },
    { "6.1": "0.14" },
    { "6.2": "0.13" },
    { "6.3": "0.14" },
    { "6.4": "0.16" },
    { "6.5": "0.17" },
    { "6.6": "0.17" },
    { "6.7": "0.18" },
    { "6.8": "0.18" },
    { "6.9": "0.15" },
    { "7.0": "0.17" },
    { "7.1": "0.16" },
    { "7.2": "0.19" },
    { "7.3": "0.23" },
    { "7.4": "0.23" },
    { "7.5": "0.22" },
    { "7.6": "0.18" },
    { "7.7": "0.22" },
    { "7.8": "0.23" },
    { "7.9": "0.2" },
    { "8.0": "0.2" },
    { "8.1": "0.18" },
    { "8.2": "0.23" },
    { "8.3": "0.23" },
    { "8.4": "0.22" },
    { "8.5": "0.22" },
    { "8.6": "0.2" },
    { "8.7": "0.19" },
    { "8.8": "0.18" },
    { "8.9": "0.29" },
    { "9.0": "0.35" },
    { "9.1": "0.48" },
    { "9.2": "0.71" },
    { "9.3": "1.22" },
    { "9.4": "2.12" },
    { "9.5": "3.07" },
    { "9.6": "3.88" },
    { "9.7": "4.1" },
    { "9.8": "4.32" },
    { "9.9": "4.24" },
    { "10.0": "4.05" },
    { "10.1": "3.9" },
    { "10.2": "3.69" },
    { "10.3": "3.73" },
    { "10.4": "3.87" },
    { "10.5": "3.89" },
    { "10.6": "4.02" },
    { "10.7": "4.12" },
    { "10.8": "4.05" },
    { "10.9": "3.99" },
    { "11.0": "3.82" },
    { "11.1": "3.84" },
    { "11.2": "3.86" },
    { "11.3": "3.7" },
    { "11.4": "3.57" },
    { "11.5": "3.44" },
    { "11.6": "3.35" },
    { "11.7": "3.35" },
    { "11.8": "3.45" },
    { "11.9": "3.51" },
    { "12.0": "3.49" },
    { "12.1": "3.36" },
    { "12.2": "3.31" },
    { "12.3": "3.13" },
    { "12.4": "3.14" },
    { "12.5": "3.01" },
    { "12.6": "2.92" },
    { "12.7": "3.0" },
    { "12.8": "3.0" },
    { "12.9": "2.93" },
    { "13.0": "2.95" },
    { "13.1": "2.97" },
    { "13.2": "3.04" },
    { "13.3": "3.02" },
    { "13.4": "2.9" },
    { "13.5": "2.89" },
    { "13.6": "2.89" },
    { "13.7": "2.9" },
    { "13.8": "2.93" },
    { "13.9": "2.89" },
    { "14.0": "2.82" },
    { "14.1": "2.81" },
    { "14.2": "2.86" },
    { "14.3": "2.82" },
    { "14.4": "2.85" },
    { "14.5": "2.96" },
    { "14.6": "3.16" },
    { "14.7": "3.18" },
    { "14.8": "3.04" },
    { "14.9": "3.08" },
    { "15.0": "3.03" },
    { "15.1": "2.95" },
    { "15.2": "2.74" },
    { "15.3": "1.85" },
    { "15.4": "0.78" },
    { "15.5": "0.34" },
    { "15.6": "0.22" },
    { "15.7": "0.17" },
    { "15.8": "0.17" },
    { "15.9": "0.17" },
    { "16.0": "0.15" },
    { "16.1": "0.17" },
    { "16.2": "0.16" },
    { "16.3": "0.16" },
    { "16.4": "0.16" },
    { "16.5": "0.16" },
    { "16.6": "0.13" },
    { "16.7": "0.11" },
    { "16.8": "0.12" },
    { "16.9": "0.13" },
    { "17.0": "0.18" },
    { "17.1": "0.16" },
    { "17.2": "0.16" },
    { "17.3": "0.15" },
    { "17.4": "0.17" },
    { "17.5": "0.19" },
    { "17.6": "0.2" },
    { "17.7": "0.22" },
    { "17.8": "0.21" },
    { "17.9": "0.24" },
    { "18.0": "0.2" },
    { "18.1": "0.18" },
    { "18.2": "0.17" },
    { "18.3": "0.12" },
    { "18.4": "0.12" },
    { "18.5": "0.13" },
    { "18.6": "0.11" },
    { "18.7": "0.13" },
    { "18.8": "0.12" },
    { "18.9": "0.12" },
    { "19.0": "0.12" },
    { "19.1": "0.12" },
    { "19.2": "0.12" },
    { "19.3": "0.13" },
    { "19.4": "0.12" },
    { "19.5": "0.12" },
    { "19.6": "0.14" },
    { "19.7": "0.24" },
    { "19.8": "0.32" },
    { "19.9": "0.28" },
    { "20.0": "0.25" },
    { "20.1": "0.29" },
    { "20.2": "0.21" },
    { "20.3": "0.26" },
    { "20.4": "0.27" },
    { "20.5": "0.29" },
    { "20.6": "0.31" },
    { "20.7": "0.41" },
    { "20.8": "0.5" },
    { "20.9": "0.83" },
    { "21.0": "1.78" },
    { "21.1": "2.54" },
    { "21.2": "2.97" },
    { "21.3": "3.08" },
    { "21.4": "3.1" },
    { "21.5": "3.17" },
    { "21.6": "3.12" },
    { "21.7": "3.15" },
    { "21.8": "3.27" },
    { "21.9": "3.62" },
    { "22.0": "3.77" },
    { "22.1": "4.36" },
    { "22.2": "4.46" },
    { "22.3": "4.73" },
    { "22.4": "4.49" },
    { "22.5": "4.35" },
    { "22.6": "4.24" },
    { "22.7": "4.02" },
    { "22.8": "3.79" },
    { "22.9": "3.76" },
    { "23.0": "3.85" },
    { "23.1": "3.73" },
    { "23.2": "3.61" },
    { "23.3": "3.57" },
    { "23.4": "3.49" },
    { "23.5": "3.7" },
    { "23.6": "3.82" },
    { "23.7": "3.8" },
    { "23.8": "3.83" },
    { "23.9": "3.78" },
    { "24.0": "3.84" },
    { "24.1": "3.78" },
    { "24.2": "3.81" },
    { "24.3": "3.63" },
    { "24.4": "3.57" },
    { "24.5": "3.48" },
    { "24.6": "3.49" },
    { "24.7": "3.32" },
    { "24.8": "3.1" },
    { "24.9": "3.09" },
    { "25.0": "3.21" },
    { "25.1": "3.13" },
    { "25.2": "3.15" },
    { "25.3": "3.4" },
    { "25.4": "3.49" },
    { "25.5": "3.54" },
    { "25.6": "3.61" },
    { "25.7": "3.56" },
    { "25.8": "3.44" },
    { "25.9": "3.33" },
    { "26.0": "3.15" },
    { "26.1": "3.04" },
    { "26.2": "2.89" },
    { "26.3": "2.87" },
    { "26.4": "2.92" },
    { "26.5": "2.48" },
    { "26.6": "0.71" },
    { "26.7": "0.25" },
    { "26.8": "0.19" },
    { "26.9": "0.18" },
    { "27.0": "0.2" },
    { "27.1": "0.18" },
    { "27.2": "0.19" },
    { "27.3": "0.19" },
    { "27.4": "0.19" },
    { "27.5": "0.19" },
    { "27.6": "0.22" },
    { "27.7": "0.26" },
    { "27.8": "0.25" },
    { "27.9": "0.24" },
    { "28.0": "0.3" },
    { "28.1": "0.3" },
    { "28.2": "0.23" },
    { "28.3": "0.23" },
    { "28.4": "0.26" },
    { "28.5": "0.22" },
    { "28.6": "0.21" },
    { "28.7": "0.2" },
    { "28.8": "0.19" },
    { "28.9": "0.19" },
    { "29.0": "0.2" },
    { "29.1": "0.24" },
    { "29.2": "0.25" },
    { "29.3": "0.27" },
    { "29.4": "0.26" },
    { "29.5": "0.22" },
    { "29.6": "0.22" },
    { "29.7": "0.29" },
    { "29.8": "0.32" },
    { "29.9": "0.3" },
    { "30.0": "0.3" },
    { "30.1": "0.27" },
    { "30.2": "0.31" },
    { "30.3": "0.31" },
    { "30.4": "0.32" },
    { "30.5": "0.36" },
    { "30.6": "0.46" },
    { "30.7": "0.65" },
    { "30.8": "1.14" },
    { "30.9": "2.08" },
    { "31.0": "2.69" },
    { "31.1": "3.1" },
    { "31.2": "3.17" },
    { "31.3": "3.23" },
    { "31.4": "3.48" },
    { "31.5": "3.56" },
    { "31.6": "3.74" },
    { "31.7": "3.81" },
    { "31.8": "3.92" },
    { "31.9": "3.98" },
    { "32.0": "4.02" },
    { "32.1": "3.7" },
    { "32.2": "3.5" },
    { "32.3": "3.31" },
    { "32.4": "3.21" },
    { "32.5": "3.18" },
    { "32.6": "3.15" },
    { "32.7": "3.09" },
    { "32.8": "3.01" },
    { "32.9": "2.85" },
    { "33.0": "2.76" },
    { "33.1": "2.77" },
    { "33.2": "2.63" },
    { "33.3": "2.63" },
    { "33.4": "2.53" },
    { "33.5": "2.61" },
    { "33.6": "2.64" },
    { "33.7": "2.74" },
    { "33.8": "2.76" },
    { "33.9": "2.77" },
    { "34.0": "2.6" },
    { "34.1": "2.5" },
    { "34.2": "2.41" },
    { "34.3": "1.97" },
    { "34.4": "2.0" },
    { "34.5": "2.09" },
    { "34.6": "2.4" },
    { "34.7": "2.67" },
    { "34.8": "2.81" },
    { "34.9": "2.83" },
    { "35.0": "2.85" },
    { "35.1": "2.6" },
    { "35.2": "2.36" },
    { "35.3": "2.29" },
    { "35.4": "2.41" },
    { "35.5": "2.48" },
    { "35.6": "2.5" },
    { "35.7": "2.47" },
    { "35.8": "2.56" },
    { "35.9": "2.7" },
    { "36.0": "2.86" },
    { "36.1": "2.86" },
    { "36.2": "2.88" },
    { "36.3": "2.9" },
    { "36.4": "2.81" },
    { "36.5": "2.83" },
    { "36.6": "2.9" },
    { "36.7": "2.75" },
    { "36.8": "2.78" },
    { "36.9": "2.92" },
    { "37.0": "3.05" },
    { "37.1": "3.24" },
    { "37.2": "3.31" },
    { "37.3": "3.29" },
    { "37.4": "3.34" },
    { "37.5": "3.38" },
    { "37.6": "3.53" },
    { "37.7": "3.54" },
    { "37.8": "3.44" },
    { "37.9": "2.3" },
    { "38.0": "1.02" },
    { "38.1": "0.35" },
    { "38.2": "0.21" },
    { "38.3": "0.2" },
    { "38.4": "0.21" },
    { "38.5": "0.2" },
    { "38.6": "0.2" },
    { "38.7": "0.17" },
    { "38.8": "0.2" },
    { "38.9": "0.22" },
    { "39.0": "0.22" },
    { "39.1": "0.21" },
    { "39.2": "0.2" },
    { "39.3": "0.22" },
    { "39.4": "0.2" },
    { "39.5": "0.26" },
    { "39.6": "0.27" },
    { "39.7": "0.4" },
    { "39.8": "1.02" },
    { "39.9": "1.89" },
    { "40.0": "2.62" },
    { "40.1": "3.27" },
    { "40.2": "3.79" },
    { "40.3": "4.01" },
    { "40.4": "4.4" },
    { "40.5": "4.6" },
    { "40.6": "4.41" },
    { "40.7": "4.34" },
    { "40.8": "4.07" },
    { "40.9": "3.71" },
    { "41.0": "3.46" },
    { "41.1": "3.4" },
    { "41.2": "3.26" },
    { "41.3": "2.79" },
    { "41.4": "2.48" },
    { "41.5": "2.26" },
    { "41.6": "2.38" },
    { "41.7": "2.6" },
    { "41.8": "2.95" },
    { "41.9": "3.1" },
    { "42.0": "3.06" },
    { "42.1": "2.96" },
    { "42.2": "2.93" },
    { "42.3": "2.85" },
    { "42.4": "2.69" },
    { "42.5": "2.5" },
    { "42.6": "2.45" },
    { "42.7": "2.66" },
    { "42.8": "2.99" },
    { "42.9": "3.19" },
    { "43.0": "3.32" },
    { "43.1": "3.45" },
    { "43.2": "3.27" },
    { "43.3": "3.06" },
    { "43.4": "2.94" },
    { "43.5": "3.02" },
    { "43.6": "3.16" },
    { "43.7": "3.18" },
    { "43.8": "2.8" },
    { "43.9": "2.79" },
    { "44.0": "2.87" },
    { "44.1": "3.12" },
    { "44.2": "3.1" },
    { "44.3": "3.29" },
    { "44.4": "3.61" },
    { "44.5": "3.82" },
    { "44.6": "3.85" },
    { "44.7": "3.67" },
    { "44.8": "3.41" },
    { "44.9": "3.42" },
    { "45.0": "1.86" },
    { "45.1": "0.5" },
    { "45.2": "0.17" },
    { "45.3": "0.17" },
    { "45.4": "0.19" },
    { "45.5": "0.2" },
    { "45.6": "0.2" },
    { "45.7": "0.19" },
    { "45.8": "0.18" },
    { "45.9": "0.16" },
    { "46.0": "0.17" },
    { "46.1": "0.21" },
    { "46.2": "0.22" },
    { "46.3": "0.19" },
    { "46.4": "0.18" },
    { "46.5": "0.18" },
    { "46.6": "0.17" },
    { "46.7": "0.19" },
    { "46.8": "0.2" },
    { "46.9": "0.18" },
    { "47.0": "0.18" },
    { "47.1": "0.18" },
    { "47.2": "0.2" },
    { "47.3": "0.2" },
    { "47.4": "0.18" },
    { "47.5": "0.17" },
    { "47.6": "0.16" },
    { "47.7": "0.17" },
    { "47.8": "0.2" },
    { "47.9": "0.22" },
    { "48.0": "0.26" },
    { "48.1": "0.32" },
    { "48.2": "0.32" },
    { "48.3": "0.27" },
    { "48.4": "0.26" },
    { "48.5": "0.31" },
    { "48.6": "0.42" },
    { "48.7": "0.45" },
    { "48.8": "0.42" },
    { "48.9": "0.31" },
    { "49.0": "0.36" },
    { "49.1": "0.38" },
    { "49.2": "0.38" },
    { "49.3": "0.35" },
    { "49.4": "0.42" },
    { "49.5": "0.61" },
    { "49.6": "0.48" },
    { "49.7": "0.59" },
    { "49.8": "1.02" },
    { "49.9": "1.58" },
    { "50.0": "2.17" },
    { "50.1": "2.51" },
    { "50.2": "2.64" },
    { "50.3": "2.64" },
    { "50.4": "2.79" },
    { "50.5": "2.77" },
    { "50.6": "2.68" },
    { "50.7": "2.56" },
    { "50.8": "2.61" },
    { "50.9": "2.58" },
    { "51.0": "2.51" },
    { "51.1": "2.54" },
    { "51.2": "2.63" },
    { "51.3": "2.67" },
    { "51.4": "2.65" },
    { "51.5": "2.6" },
    { "51.6": "2.71" },
    { "51.7": "2.61" },
    { "51.8": "2.34" },
    { "51.9": "2.49" },
    { "52.0": "2.76" },
    { "52.1": "3.07" },
    { "52.2": "2.74" },
    { "52.3": "2.66" },
    { "52.4": "2.64" },
    { "52.5": "2.61" },
    { "52.6": "2.61" },
    { "52.7": "2.68" },
    { "52.8": "2.85" },
    { "52.9": "2.96" },
    { "53.0": "2.94" },
    { "53.1": "2.96" },
    { "53.2": "3.07" },
    { "53.3": "3.03" },
    { "53.4": "2.55" },
    { "53.5": "2.5" },
    { "53.6": "2.87" },
    { "53.7": "3.07" },
    { "53.8": "3.25" },
    { "53.9": "3.32" },
    { "54.0": "3.25" },
    { "54.1": "3.13" },
    { "54.2": "3.07" },
    { "54.3": "2.65" },
    { "54.4": "2.0" },
    { "54.5": "1.75" },
    { "54.6": "2.25" },
    { "54.7": "2.28" },
    { "54.8": "2.47" },
    { "54.9": "2.73" },
    { "55.0": "2.99" },
    { "55.1": "3.16" },
    { "55.2": "3.06" },
    { "55.3": "3.11" },
    { "55.4": "3.14" },
    { "55.5": "2.78" },
    { "55.6": "2.05" },
    { "55.7": "0.76" },
    { "55.8": "0.43" },
    { "55.9": "0.37" },
    { "56.0": "0.38" },
    { "56.1": "0.32" },
    { "56.2": "0.26" },
    { "56.3": "0.21" },
    { "56.4": "0.23" },
    { "56.5": "0.2" },
    { "56.6": "0.2" },
    { "56.7": "0.19" },
    { "56.8": "0.18" },
    { "56.9": "0.2" },
    { "57.0": "0.2" },
    { "57.1": "0.2" },
    { "57.2": "0.2" },
    { "57.3": "0.22" },
    { "57.4": "0.27" },
    { "57.5": "0.26" },
    { "57.6": "0.28" },
    { "57.7": "0.35" },
    { "57.8": "0.34" },
    { "57.9": "0.3" },
    { "58.0": "0.3" },
    { "58.1": "0.29" },
    { "58.2": "0.27" },
    { "58.3": "0.26" },
    { "58.4": "0.23" },
    { "58.5": "0.24" },
    { "58.6": "0.25" },
    { "58.7": "0.23" },
    { "58.8": "0.21" },
    { "58.9": "0.23" },
    { "59.0": "0.25" },
    { "59.1": "0.24" },
    { "59.2": "0.22" },
    { "59.3": "0.2" },
    { "59.4": "0.21" },
    { "59.5": "0.21" },
    { "59.6": "0.2" },
    { "59.7": "0.23" },
    { "59.8": "0.28" },
    { "59.9": "0.45" },
    { "60.0": "0.7" },
    { "60.1": "1.27" },
    { "60.2": "1.95" },
    { "60.3": "2.57" },
    { "60.4": "3.14" },
    { "60.5": "3.49" },
    { "60.6": "3.89" },
    { "60.7": "4.33" },
    { "60.8": "4.29" },
    { "60.9": "2.91" },
    { "61.0": "1.51" },
    { "61.1": "1.09" },
    { "61.2": "0.93" },
    { "61.3": "0.78" },
    { "61.4": "0.68" },
    { "61.5": "0.67" },
    { "61.6": "0.85" },
    { "61.7": "1.11" },
    { "61.8": "1.47" },
    { "61.9": "1.88" },
    { "62.0": "2.32" },
    { "62.1": "2.44" },
    { "62.2": "2.72" },
    { "62.3": "2.74" },
    { "62.4": "2.38" },
    { "62.5": "1.24" },
    { "62.6": "0.56" },
    { "62.7": "0.37" },
    { "62.8": "0.34" },
    { "62.9": "0.33" },
    { "63.0": "0.44" },
    { "63.1": "1.09" },
    { "63.2": "1.89" },
    { "63.3": "2.63" },
    { "63.4": "3.08" },
    { "63.5": "3.46" },
    { "63.6": "3.76" },
    { "63.7": "3.94" },
    { "63.8": "4.35" },
    { "63.9": "4.8" },
    { "64.0": "5.21" },
    { "64.1": "5.56" },
    { "64.2": "5.81" },
    { "64.3": "6.13" },
    { "64.4": "6.53" },
    { "64.5": "6.69" },
    { "64.6": "6.68" },
    { "64.7": "6.7" },
    { "64.8": "6.81" },
    { "64.9": "7.09" },
    { "65.0": "7.25" },
    { "65.1": "7.28" },
    { "65.2": "6.56" },
    { "65.3": "6.28" },
    { "65.4": "4.55" },
    { "65.5": "3.43" },
    { "65.6": "1.22" },
    { "65.7": "0.55" },
    { "65.8": "0.47" },
    { "65.9": "0.52" },
    { "66.0": "0.51" },
    { "66.1": "0.4" },
    { "66.2": "0.58" },
    { "66.3": "0.87" },
    { "66.4": "1.22" },
    { "66.5": "1.96" },
    { "66.6": "2.67" },
    { "66.7": "3.01" },
    { "66.8": "2.97" },
    { "66.9": "2.79" },
    { "67.0": "2.82" },
    { "67.1": "2.59" },
    { "67.2": "2.46" },
    { "67.3": "2.46" },
    { "67.4": "2.59" },
    { "67.5": "2.6" },
    { "67.6": "2.66" },
    { "67.7": "2.5" },
    { "67.8": "1.26" },
    { "67.9": "0.34" },
    { "68.0": "0.21" },
    { "68.1": "0.22" },
    { "68.2": "0.2" },
    { "68.3": "0.21" },
    { "68.4": "0.19" },
    { "68.5": "0.21" },
    { "68.6": "0.2" },
    { "68.7": "0.19" },
    { "68.8": "0.19" },
    { "68.9": "0.23" },
    { "69.0": "0.19" },
    { "69.1": "0.19" },
    { "69.2": "0.29" },
    { "69.3": "0.74" },
    { "69.4": "1.25" },
    { "69.5": "1.66" },
    { "69.6": "1.98" },
    { "69.7": "2.55" },
    { "69.8": "3.03" },
    { "69.9": "3.41" },
    { "70.0": "3.53" },
    { "70.1": "3.31" },
    { "70.2": "2.9" },
    { "70.3": "2.68" },
    { "70.4": "2.52" },
    { "70.5": "2.51" },
    { "70.6": "2.09" },
    { "70.7": "2.33" },
    { "70.8": "2.9" },
    { "70.9": "3.05" },
    { "71.0": "3.3" },
    { "71.1": "3.32" },
    { "71.2": "3.27" },
    { "71.3": "3.11" },
    { "71.4": "2.82" },
    { "71.5": "2.86" },
    { "71.6": "2.81" },
    { "71.7": "2.85" },
    { "71.8": "2.86" },
    { "71.9": "2.94" },
    { "72.0": "2.95" },
    { "72.1": "2.89" },
    { "72.2": "3.02" },
    { "72.3": "3.07" },
    { "72.4": "3.18" },
    { "72.5": "3.35" },
    { "72.6": "3.58" },
    { "72.7": "3.48" },
    { "72.8": "3.33" },
    { "72.9": "3.27" },
    { "73.0": "3.04" },
    { "73.1": "1.9" },
    { "73.2": "0.8" },
    { "73.3": "0.43" },
    { "73.4": "0.36" },
    { "73.5": "0.34" },
    { "73.6": "0.33" },
    { "73.7": "0.32" },
    { "73.8": "0.33" },
    { "73.9": "0.36" },
    { "74.0": "0.41" },
    { "74.1": "0.45" },
    { "74.2": "0.46" },
    { "74.3": "0.45" },
    { "74.4": "0.37" },
    { "74.5": "0.34" },
    { "74.6": "0.34" },
    { "74.7": "0.38" },
    { "74.8": "0.46" },
    { "74.9": "0.51" },
    { "75.0": "0.53" },
    { "75.1": "0.52" },
    { "75.2": "0.43" },
    { "75.3": "0.4" },
    { "75.4": "0.41" },
    { "75.5": "0.43" },
    { "75.6": "0.56" },
    { "75.7": "0.68" },
    { "75.8": "0.76" },
    { "75.9": "0.91" },
    { "76.0": "1.05" },
    { "76.1": "1.3" },
    { "76.2": "1.37" },
    { "76.3": "1.37" },
    { "76.4": "1.41" },
    { "76.5": "1.47" },
    { "76.6": "1.61" },
    { "76.7": "1.6" },
    { "76.8": "1.81" },
    { "76.9": "1.99" },
    { "77.0": "2.36" },
    { "77.1": "2.46" },
    { "77.2": "2.45" },
    { "77.3": "2.58" },
    { "77.4": "2.74" },
    { "77.5": "2.78" },
    { "77.6": "2.87" },
    { "77.7": "2.97" },
    { "77.8": "3.13" },
    { "77.9": "3.3" },
    { "78.0": "3.47" },
    { "78.1": "3.54" },
    { "78.2": "3.57" },
    { "78.3": "3.51" },
    { "78.4": "3.64" },
    { "78.5": "3.65" },
    { "78.6": "3.61" },
    { "78.7": "3.31" },
    { "78.8": "2.93" },
    { "78.9": "2.63" },
    { "79.0": "2.68" },
    { "79.1": "2.66" },
    { "79.2": "2.64" },
    { "79.3": "2.8" },
    { "79.4": "2.99" },
    { "79.5": "2.97" },
    { "79.6": "2.69" },
    { "79.7": "2.65" },
    { "79.8": "2.64" },
    { "79.9": "2.54" },
    { "80.0": "2.52" },
    { "80.1": "2.52" },
    { "80.2": "2.55" },
    { "80.3": "2.51" },
    { "80.4": "2.45" },
    { "80.5": "2.52" },
    { "80.6": "2.52" },
    { "80.7": "2.46" },
    { "80.8": "2.51" },
    { "80.9": "2.57" },
    { "81.0": "2.77" },
    { "81.1": "2.8" },
    { "81.2": "2.93" },
    { "81.3": "3.07" },
    { "81.4": "2.1" },
    { "81.5": "0.56" },
    { "81.6": "0.21" },
    { "81.7": "0.2" },
    { "81.8": "0.15" },
    { "81.9": "0.19" },
    { "82.0": "0.18" },
    { "82.1": "0.19" },
    { "82.2": "0.16" },
    { "82.3": "0.13" },
    { "82.4": "0.19" },
    { "82.5": "0.23" },
    { "82.6": "0.31" },
    { "82.7": "0.34" },
    { "82.8": "0.31" },
    { "82.9": "0.22" },
    { "83.0": "0.18" },
    { "83.1": "0.18" },
    { "83.2": "0.18" },
    { "83.3": "0.15" },
    { "83.4": "0.16" },
    { "83.5": "0.16" },
    { "83.6": "0.16" },
    { "83.7": "0.21" },
    { "83.8": "0.31" },
    { "83.9": "0.31" },
    { "84.0": "0.31" },
    { "84.1": "0.43" },
    { "84.1": "0.44" }
  ]
}
