{
  "userId": "megan@tendonloader.com",
  "painScore": "3.0",
  "timeStamp": { "seconds": "1627579050" , "nanoseconds": "596715000" },
  "isTolerable": "No pain",
  "isComplate": "false",
  "progressorId": "Progressor_3773",
  "mvcValue": "9.27",
  "exportData": [
    { "77.9": "0.24" },
    { "78.0": "0.21" },
    { "78.1": "0.18" },
    { "78.2": "0.17" },
    { "78.3": "0.18" },
    { "78.4": "0.2" },
    { "78.5": "0.18" },
    { "78.6": "0.19" },
    { "78.7": "0.19" },
    { "78.8": "0.18" },
    { "78.9": "0.2" },
    { "79.0": "0.17" },
    { "79.1": "0.21" },
    { "79.2": "0.22" },
    { "79.3": "0.18" },
    { "79.4": "0.16" },
    { "79.5": "0.17" },
    { "79.6": "0.39" },
    { "79.7": "0.57" },
    { "79.8": "0.74" },
    { "79.9": "0.99" },
    { "80.0": "1.46" },
    { "80.1": "2.14" },
    { "80.2": "2.67" },
    { "80.3": "3.17" },
    { "80.4": "3.41" },
    { "80.5": "3.69" },
    { "80.6": "3.96" },
    { "80.7": "3.94" },
    { "80.8": "3.92" },
    { "80.9": "3.9" },
    { "81.0": "3.97" },
    { "81.1": "3.92" },
    { "81.2": "3.75" },
    { "81.3": "3.65" },
    { "81.4": "3.63" },
    { "81.5": "3.65" },
    { "81.6": "3.62" },
    { "81.7": "3.5" },
    { "81.8": "3.39" },
    { "81.9": "2.13" },
    { "82.0": "1.0" },
    { "82.1": "0.63" },
    { "82.2": "0.33" },
    { "82.3": "0.2" },
    { "82.4": "0.19" },
    { "82.5": "0.19" },
    { "82.6": "0.18" },
    { "82.7": "0.17" },
    { "82.8": "0.17" },
    { "82.9": "0.18" },
    { "83.0": "0.19" },
    { "83.1": "0.18" },
    { "83.2": "0.19" },
    { "83.3": "0.21" },
    { "83.4": "0.18" },
    { "83.5": "0.18" },
    { "83.6": "0.17" },
    { "83.7": "0.15" },
    { "83.8": "0.15" },
    { "83.9": "0.17" },
    { "84.0": "0.19" },
    { "84.1": "0.25" },
    { "84.2": "0.35" },
    { "84.3": "0.57" },
    { "84.4": "1.37" },
    { "84.5": "2.32" },
    { "84.6": "2.94" },
    { "84.7": "3.43" },
    { "84.8": "3.33" },
    { "84.9": "3.57" },
    { "85.0": "3.81" },
    { "85.1": "3.93" },
    { "85.2": "4.12" },
    { "85.3": "4.17" },
    { "85.4": "4.18" },
    { "85.5": "4.09" },
    { "85.6": "4.2" },
    { "85.7": "4.25" },
    { "85.8": "4.35" },
    { "85.9": "4.55" },
    { "86.0": "4.38" },
    { "86.1": "4.16" },
    { "86.2": "3.17" },
    { "86.3": "1.27" },
    { "86.4": "0.43" },
    { "86.5": "0.22" },
    { "86.6": "0.19" },
    { "86.7": "0.16" },
    { "86.8": "0.17" },
    { "86.9": "0.14" },
    { "87.0": "0.14" },
    { "87.1": "0.16" },
    { "87.2": "0.15" },
    { "87.3": "0.18" },
    { "87.4": "0.21" },
    { "87.5": "0.37" },
    { "87.6": "0.61" },
    { "87.7": "1.15" },
    { "87.8": "2.27" },
    { "87.9": "2.86" },
    { "88.0": "3.25" },
    { "88.1": "3.57" },
    { "88.2": "3.78" },
    { "88.3": "3.95" },
    { "88.4": "4.06" },
    { "88.5": "4.25" },
    { "88.6": "4.27" },
    { "88.7": "4.39" },
    { "88.8": "4.52" },
    { "88.9": "4.36" },
    { "89.0": "4.47" },
    { "89.1": "4.38" },
    { "89.2": "4.44" },
    { "89.3": "4.51" },
    { "89.4": "4.69" },
    { "89.5": "4.86" },
    { "89.6": "4.03" },
    { "89.7": "1.07" },
    { "89.8": "0.3" },
    { "89.9": "0.21" },
    { "90.0": "0.22" },
    { "90.1": "0.19" },
    { "90.2": "0.2" },
    { "90.3": "0.19" },
    { "90.4": "0.13" },
    { "90.5": "0.15" },
    { "90.6": "0.15" },
    { "90.7": "0.15" },
    { "90.8": "0.14" },
    { "90.9": "0.15" },
    { "91.0": "0.15" },
    { "91.1": "0.12" },
    { "91.2": "0.15" },
    { "91.3": "0.15" },
    { "91.4": "0.14" },
    { "91.5": "0.15" },
    { "91.6": "0.16" },
    { "91.7": "0.3" },
    { "91.8": "0.21" },
    { "91.9": "0.22" },
    { "92.0": "0.28" },
    { "92.1": "0.34" },
    { "92.2": "0.63" },
    { "92.3": "1.34" },
    { "92.4": "2.92" },
    { "92.5": "3.76" },
    { "92.6": "4.72" },
    { "92.7": "5.27" },
    { "92.8": "5.66" },
    { "92.9": "5.92" },
    { "93.0": "6.02" },
    { "93.1": "6.32" },
    { "93.2": "6.46" },
    { "93.3": "6.58" },
    { "93.4": "6.69" },
    { "93.5": "6.85" },
    { "93.6": "6.87" },
    { "93.7": "6.97" },
    { "93.8": "6.97" },
    { "93.9": "7.04" },
    { "94.0": "7.1" },
    { "94.1": "7.17" },
    { "94.2": "7.16" },
    { "94.3": "7.22" },
    { "94.4": "7.29" },
    { "94.5": "7.28" },
    { "94.6": "3.84" },
    { "94.7": "0.89" },
    { "94.8": "0.34" },
    { "94.9": "0.24" },
    { "95.0": "0.22" },
    { "95.1": "0.25" },
    { "95.2": "0.22" },
    { "95.3": "0.22" },
    { "95.4": "0.24" },
    { "95.5": "0.21" },
    { "95.6": "0.3" },
    { "95.7": "0.28" },
    { "95.8": "0.27" },
    { "95.9": "0.25" },
    { "96.0": "0.26" },
    { "96.1": "0.25" },
    { "96.2": "0.22" },
    { "96.3": "0.25" },
    { "96.4": "0.27" },
    { "96.5": "0.35" },
    { "96.6": "0.34" },
    { "96.7": "0.3" },
    { "96.8": "0.2" },
    { "96.9": "0.22" },
    { "97.0": "0.32" },
    { "97.1": "0.51" },
    { "97.2": "0.66" },
    { "97.3": "1.05" },
    { "97.4": "2.12" },
    { "97.5": "3.28" },
    { "97.6": "4.09" },
    { "97.7": "4.7" },
    { "97.8": "5.04" },
    { "97.9": "4.89" },
    { "98.0": "4.8" },
    { "98.1": "4.8" },
    { "98.2": "5.13" },
    { "98.3": "5.45" },
    { "98.4": "5.75" },
    { "98.5": "5.57" },
    { "98.6": "2.77" },
    { "98.7": "0.64" },
    { "98.8": "0.27" },
    { "98.9": "0.16" },
    { "99.0": "0.15" },
    { "99.1": "0.13" },
    { "99.2": "0.14" },
    { "99.3": "0.14" },
    { "99.4": "0.14" },
    { "99.5": "0.3" },
    { "99.6": "0.39" },
    { "99.7": "0.3" },
    { "99.8": "0.24" },
    { "99.9": "0.23" },
    { "100.0": "0.24" },
    { "100.1": "0.21" },
    { "100.2": "0.22" },
    { "100.3": "0.22" },
    { "100.4": "0.28" },
    { "100.5": "0.33" },
    { "100.6": "0.34" },
    { "100.7": "0.33" },
    { "100.8": "0.34" },
    { "100.9": "0.75" },
    { "101.0": "1.4" },
    { "101.1": "2.71" },
    { "101.2": "3.55" },
    { "101.3": "4.39" },
    { "101.4": "5.03" },
    { "101.5": "5.49" },
    { "101.6": "5.93" },
    { "101.7": "6.36" },
    { "101.8": "6.58" },
    { "101.9": "6.62" },
    { "102.0": "6.61" },
    { "102.1": "6.58" },
    { "102.2": "6.65" },
    { "102.3": "6.57" },
    { "102.4": "6.37" },
    { "102.5": "6.37" },
    { "102.6": "5.81" },
    { "102.7": "5.22" },
    { "102.8": "1.79" },
    { "102.9": "0.49" },
    { "103.0": "0.2" },
    { "103.1": "0.16" },
    { "103.2": "0.18" },
    { "103.3": "0.19" },
    { "103.4": "0.2" },
    { "103.5": "0.21" },
    { "103.6": "0.2" },
    { "103.7": "0.17" },
    { "103.8": "0.18" },
    { "103.9": "0.17" },
    { "104.0": "0.22" },
    { "104.1": "0.26" },
    { "104.2": "0.26" },
    { "104.3": "0.24" },
    { "104.4": "0.25" },
    { "104.5": "0.27" },
    { "104.6": "0.28" },
    { "104.7": "0.58" },
    { "104.8": "1.22" },
    { "104.9": "2.3" },
    { "105.0": "3.31" },
    { "105.1": "4.23" },
    { "105.2": "4.83" },
    { "105.3": "5.14" },
    { "105.4": "5.85" },
    { "105.5": "5.62" },
    { "105.6": "5.51" },
    { "105.7": "5.97" },
    { "105.8": "6.33" },
    { "105.9": "6.41" },
    { "106.0": "6.2" },
    { "106.1": "6.35" },
    { "106.2": "6.77" },
    { "106.3": "6.79" },
    { "106.4": "6.8" },
    { "106.5": "6.77" },
    { "106.6": "6.73" },
    { "106.7": "6.48" },
    { "106.8": "6.36" },
    { "106.9": "6.05" },
    { "107.0": "5.25" },
    { "107.1": "2.51" },
    { "107.2": "0.85" },
    { "107.3": "0.28" },
    { "107.4": "0.2" },
    { "107.5": "0.2" },
    { "107.6": "0.16" },
    { "107.7": "0.16" },
    { "107.8": "0.17" },
    { "107.9": "0.19" },
    { "108.0": "0.2" },
    { "108.1": "0.21" },
    { "108.2": "0.2" },
    { "108.3": "0.25" },
    { "108.4": "0.22" },
    { "108.5": "0.29" },
    { "108.6": "0.27" },
    { "108.7": "0.31" },
    { "108.8": "0.72" },
    { "108.9": "1.14" },
    { "109.0": "1.65" },
    { "109.1": "2.15" },
    { "109.2": "2.52" },
    { "109.3": "3.17" },
    { "109.4": "3.86" },
    { "109.5": "3.83" },
    { "109.6": "4.04" },
    { "109.7": "4.14" },
    { "109.8": "4.36" },
    { "109.9": "4.71" },
    { "110.0": "4.9" },
    { "110.1": "4.79" },
    { "110.2": "4.36" },
    { "110.3": "3.82" },
    { "110.4": "3.61" },
    { "110.5": "1.37" },
    { "110.6": "0.38" },
    { "110.7": "0.23" },
    { "110.8": "0.19" },
    { "110.9": "0.18" },
    { "111.0": "0.16" },
    { "111.1": "0.18" },
    { "111.2": "0.16" },
    { "111.3": "0.18" },
    { "111.4": "0.17" },
    { "111.5": "0.14" },
    { "111.6": "0.16" },
    { "111.7": "0.16" },
    { "111.8": "0.18" },
    { "111.9": "0.16" },
    { "112.0": "0.17" },
    { "112.1": "0.17" },
    { "112.2": "0.17" },
    { "112.3": "0.27" },
    { "112.4": "0.32" },
    { "112.5": "0.38" },
    { "112.6": "0.22" },
    { "112.7": "0.16" },
    { "112.8": "0.3" },
    { "112.9": "0.48" },
    { "113.0": "0.85" },
    { "113.1": "1.92" },
    { "113.2": "3.3" },
    { "113.3": "4.33" },
    { "113.4": "4.76" },
    { "113.5": "4.64" },
    { "113.6": "4.66" },
    { "113.7": "5.04" },
    { "113.8": "4.83" },
    { "113.9": "4.16" },
    { "114.0": "3.98" },
    { "114.1": "3.92" },
    { "114.2": "3.82" },
    { "114.3": "3.68" },
    { "114.4": "3.49" },
    { "114.5": "4.01" },
    { "114.6": "5.32" },
    { "114.7": "6.15" },
    { "114.8": "6.54" },
    { "114.9": "7.13" },
    { "115.0": "7.53" },
    { "115.1": "8.08" },
    { "115.2": "8.46" },
    { "115.3": "8.55" },
    { "115.4": "8.97" },
    { "115.5": "9.27" },
    { "115.6": "9.07" },
    { "115.7": "9.05" },
    { "115.8": "8.78" },
    { "115.9": "6.7" },
    { "116.0": "4.14" },
    { "116.1": "1.93" },
    { "116.2": "0.72" },
    { "116.3": "0.43" },
    { "116.4": "0.31" },
    { "116.5": "0.26" },
    { "116.6": "0.22" },
    { "116.7": "0.26" },
    { "116.8": "0.26" },
    { "116.9": "0.21" },
    { "117.0": "0.23" },
    { "117.1": "0.19" },
    { "117.2": "0.15" },
    { "117.3": "0.12" },
    { "117.4": "0.16" },
    { "117.5": "0.14" },
    { "117.6": "0.16" },
    { "117.7": "0.14" },
    { "117.8": "0.16" },
    { "117.9": "0.16" },
    { "118.0": "0.13" },
    { "118.1": "0.16" },
    { "118.2": "0.14" },
    { "118.3": "0.17" },
    { "118.4": "0.17" },
    { "118.5": "0.16" },
    { "118.6": "0.18" },
    { "118.7": "0.14" },
    { "118.8": "0.17" },
    { "118.9": "0.16" },
    { "119.0": "0.15" },
    { "119.1": "0.15" },
    { "119.2": "0.16" },
    { "119.3": "0.16" },
    { "119.4": "0.17" },
    { "119.5": "0.16" },
    { "119.6": "0.16" },
    { "119.7": "0.16" },
    { "119.8": "0.16" },
    { "119.9": "0.16" },
    { "120.0": "0.16" },
    { "120.1": "0.15" },
    { "120.2": "0.16" },
    { "120.3": "0.16" },
    { "120.4": "0.18" },
    { "120.5": "0.18" },
    { "120.6": "0.17" },
    { "120.7": "0.17" },
    { "120.8": "0.17" },
    { "120.9": "0.15" },
    { "121.0": "0.16" },
    { "121.0": "0.15" },
    { "121.1": "0.15" }
  ]
}
