{
  "userId": "mitul@gmail.com",
  "painScore": "2.0",
  "timeStamp": { "seconds": "1627084018" , "nanoseconds": "161011000" },
  "isTolerable": "Yes",
  "isComplate": "true",
  "progressorId": "Progressor_3582",
  "mvcValue": "15.07",
  "exportData": [
    { "0.1": "0.0" },
    { "0.2": "0.01" },
    { "0.3": "0.01" },
    { "0.4": "0.0" },
    { "0.5": "0.0" },
    { "0.6": "0.02" },
    { "0.7": "0.0" },
    { "0.8": "0.01" },
    { "0.9": "0.0" },
    { "1.0": "0.01" },
    { "1.1": "0.01" },
    { "1.2": "0.0" },
    { "1.3": "0.03" },
    { "1.4": "0.03" },
    { "1.5": "0.01" },
    { "1.6": "0.01" },
    { "1.7": "0.02" },
    { "1.8": "0.39" },
    { "1.9": "0.97" },
    { "2.0": "1.53" },
    { "2.1": "2.03" },
    { "2.2": "2.62" },
    { "2.3": "3.32" },
    { "2.4": "4.59" },
    { "2.5": "5.57" },
    { "2.6": "6.33" },
    { "2.7": "8.05" },
    { "2.8": "9.54" },
    { "2.9": "10.86" },
    { "3.0": "11.92" },
    { "3.1": "12.57" },
    { "3.2": "12.97" },
    { "3.3": "13.43" },
    { "3.4": "13.97" },
    { "3.5": "13.67" },
    { "3.6": "9.46" },
    { "3.7": "6.05" },
    { "3.8": "4.22" },
    { "3.9": "3.26" },
    { "4.0": "2.97" },
    { "4.1": "2.93" },
    { "4.2": "2.93" },
    { "4.3": "5.32" },
    { "4.4": "7.26" },
    { "4.5": "9.07" },
    { "4.6": "11.82" },
    { "4.7": "13.76" },
    { "4.8": "14.74" },
    { "4.9": "14.95" },
    { "5.0": "15.07" },
    { "5.1": "14.92" },
    { "5.2": "14.67" },
    { "5.3": "14.28" },
    { "5.4": "11.46" },
    { "5.5": "4.37" },
    { "5.6": "1.01" },
    { "5.7": "0.34" },
    { "5.8": "0.2" },
    { "5.9": "0.08" },
    { "6.0": "0.06" },
    { "6.1": "0.02" },
    { "6.2": "0.01" },
    { "6.3": "0.15" },
    { "6.4": "0.75" },
    { "6.5": "1.6" },
    { "6.6": "2.24" },
    { "6.7": "2.73" },
    { "6.8": "3.32" },
    { "6.9": "4.57" },
    { "7.0": "6.69" },
    { "7.1": "7.73" },
    { "7.2": "8.07" },
    { "7.3": "8.09" },
    { "7.4": "8.19" },
    { "7.5": "8.29" },
    { "7.6": "8.53" },
    { "7.7": "9.09" },
    { "7.8": "9.08" },
    { "7.9": "8.85" },
    { "8.0": "8.66" },
    { "8.1": "7.96" },
    { "8.2": "7.59" },
    { "8.3": "7.43" },
    { "8.4": "7.06" },
    { "8.5": "7.1" },
    { "8.6": "6.8" },
    { "8.7": "6.57" },
    { "8.8": "6.5" },
    { "8.9": "6.62" },
    { "9.0": "6.54" },
    { "9.1": "6.25" },
    { "9.2": "4.5" },
    { "9.3": "1.7" },
    { "9.4": "0.64" },
    { "9.5": "0.32" },
    { "9.6": "0.19" },
    { "9.7": "0.06" },
    { "9.8": "0.01" },
    { "9.9": "0.0" },
    { "10.0": "0.02" },
    { "10.1": "0.0" },
    { "10.2": "0.01" },
    { "10.3": "0.01" },
    { "10.4": "0.01" },
    { "10.5": "0.02" },
    { "10.6": "0.0" },
    { "10.7": "0.01" },
    { "10.8": "0.01" },
    { "10.9": "0.01" },
    { "11.0": "0.01" },
    { "11.1": "0.01" },
    { "11.2": "0.0" },
    { "11.3": "0.02" },
    { "11.4": "0.01" },
    { "11.5": "0.0" },
    { "11.6": "0.02" },
    { "11.7": "0.02" },
    { "11.8": "0.0" },
    { "11.9": "0.01" },
    { "12.0": "0.0" }
  ]
}
