{
  "userId": "mitul@gmail.com",
  "painScore": "0.0",
  "timeStamp": { "seconds": "1628276064" , "nanoseconds": "364991000" },
  "isTolerable": "No",
  "isComplate": "true",
  "progressorId": "Progressor_3582",
  "mvcValue": "5.01",
  "exportData": [
    { "0.1": "0.0" },
    { "0.2": "0.02" },
    { "0.3": "0.0" },
    { "0.4": "0.04" },
    { "0.5": "0.14" },
    { "0.6": "0.25" },
    { "0.7": "0.34" },
    { "0.8": "0.68" },
    { "0.9": "1.0" },
    { "1.0": "1.29" },
    { "1.1": "1.67" },
    { "1.2": "1.97" },
    { "1.3": "2.23" },
    { "1.4": "2.35" },
    { "1.5": "2.39" },
    { "1.6": "2.4" },
    { "1.7": "2.62" },
    { "1.8": "2.84" },
    { "1.9": "3.06" },
    { "2.0": "3.19" },
    { "2.1": "3.33" },
    { "2.2": "3.46" },
    { "2.3": "3.56" },
    { "2.4": "3.68" },
    { "2.5": "3.84" },
    { "2.6": "3.95" },
    { "2.7": "4.31" },
    { "2.8": "4.45" },
    { "2.9": "4.59" },
    { "3.0": "4.67" },
    { "3.1": "4.7" },
    { "3.2": "4.63" },
    { "3.3": "4.58" },
    { "3.4": "4.5" },
    { "3.5": "4.51" },
    { "3.6": "4.58" },
    { "3.7": "4.82" },
    { "3.8": "5.01" },
    { "3.9": "4.94" },
    { "4.0": "4.93" },
    { "4.1": "4.9" },
    { "4.2": "4.85" },
    { "4.3": "4.81" },
    { "4.4": "4.85" },
    { "4.5": "4.7" },
    { "4.6": "4.67" },
    { "4.7": "4.73" },
    { "4.8": "4.71" },
    { "4.9": "4.82" },
    { "5.0": "4.91" },
    { "5.1": "5.04" },
    { "5.2": "5.0" }
  ]
}
