{
  "userId": "mitul@gmail.com",
  "painScore": "7.0",
  "timeStamp": { "seconds": "1627084098" , "nanoseconds": "618000000" },
  "isTolerable": "No pain",
  "isComplate": "true",
  "progressorId": "Progressor_3582",
  "prescription": {
    "sets": "2",
    "reps": "3",
    "setRest": "3",
    "holdTime": "3",
    "restTime": "3",
    "targetLoad": "5.0",
    "mvcDuration": "0",
    "isAdmin": "null"
  },
  "exportData": [
    { "0.1": "0.01" },
    { "0.2": "0.01" },
    { "0.3": "0.0" },
    { "0.4": "0.0" },
    { "0.5": "0.01" },
    { "0.6": "0.04" },
    { "0.7": "0.11" },
    { "0.8": "0.41" },
    { "0.9": "0.81" },
    { "1.0": "1.17" },
    { "1.1": "1.62" },
    { "1.2": "2.08" },
    { "1.3": "2.55" },
    { "1.4": "3.06" },
    { "1.5": "3.64" },
    { "1.6": "4.08" },
    { "1.7": "4.71" },
    { "1.8": "5.03" },
    { "1.9": "5.23" },
    { "2.0": "5.85" },
    { "2.1": "6.16" },
    { "2.2": "5.88" },
    { "2.3": "5.75" },
    { "2.4": "5.97" },
    { "2.5": "6.23" },
    { "2.6": "6.3" },
    { "2.7": "6.42" },
    { "2.8": "6.51" },
    { "2.9": "6.46" },
    { "3.0": "6.27" },
    { "3.1": "6.11" },
    { "3.2": "5.94" },
    { "3.3": "5.75" },
    { "3.4": "5.69" },
    { "3.5": "5.75" },
    { "3.6": "5.76" },
    { "3.7": "4.71" },
    { "3.8": "1.91" },
    { "3.9": "1.26" },
    { "4.0": "0.71" },
    { "4.1": "0.36" },
    { "4.2": "0.2" },
    { "4.3": "0.11" },
    { "4.4": "0.05" },
    { "4.5": "0.03" },
    { "4.6": "0.01" },
    { "4.7": "0.0" },
    { "4.8": "0.0" },
    { "4.9": "0.02" },
    { "5.0": "0.01" },
    { "5.1": "0.02" },
    { "5.2": "0.0" },
    { "5.3": "0.01" },
    { "5.4": "0.01" },
    { "5.5": "0.01" },
    { "5.6": "0.01" },
    { "5.7": "0.0" },
    { "5.8": "0.01" },
    { "5.9": "0.0" },
    { "6.0": "0.0" },
    { "6.1": "0.0" },
    { "6.2": "0.01" },
    { "6.3": "0.0" },
    { "6.4": "0.01" },
    { "6.5": "0.01" },
    { "6.6": "0.0" },
    { "6.7": "0.0" },
    { "6.8": "0.01" },
    { "6.9": "0.01" },
    { "7.0": "0.0" },
    { "7.1": "0.0" },
    { "7.2": "0.0" },
    { "7.3": "0.01" },
    { "7.4": "0.0" },
    { "7.5": "0.0" },
    { "7.6": "0.01" },
    { "7.7": "0.0" },
    { "7.8": "0.01" },
    { "7.9": "0.0" },
    { "8.0": "0.01" },
    { "8.1": "0.01" },
    { "8.2": "0.02" },
    { "8.3": "0.01" },
    { "8.4": "0.02" },
    { "8.5": "0.06" },
    { "8.6": "0.21" },
    { "8.7": "0.58" },
    { "8.8": "1.13" },
    { "8.9": "1.79" },
    { "9.0": "2.11" },
    { "9.1": "2.39" },
    { "9.2": "2.62" },
    { "9.3": "2.94" },
    { "9.4": "3.28" },
    { "9.5": "3.77" },
    { "9.6": "4.18" },
    { "9.7": "4.74" },
    { "9.8": "5.01" },
    { "9.9": "5.31" },
    { "10.0": "5.57" },
    { "10.1": "5.89" },
    { "10.2": "5.86" },
    { "10.3": "5.78" },
    { "10.4": "5.62" },
    { "10.5": "5.57" },
    { "10.6": "5.6" },
    { "10.7": "5.59" },
    { "10.8": "5.62" },
    { "10.9": "5.6" },
    { "11.0": "5.52" },
    { "11.1": "5.45" },
    { "11.2": "5.11" },
    { "11.3": "4.04" },
    { "11.4": "2.85" },
    { "11.5": "1.97" },
    { "11.6": "1.28" },
    { "11.7": "0.63" },
    { "11.8": "0.2" },
    { "11.9": "0.09" },
    { "12.0": "0.04" },
    { "12.1": "0.03" },
    { "12.2": "0.02" },
    { "12.3": "0.02" },
    { "12.4": "0.02" },
    { "12.5": "0.01" },
    { "12.6": "0.01" },
    { "12.7": "0.02" },
    { "12.8": "0.0" },
    { "12.9": "0.02" },
    { "13.0": "0.01" },
    { "13.1": "0.02" },
    { "13.2": "0.01" },
    { "13.3": "0.02" },
    { "13.4": "0.01" },
    { "13.5": "0.01" },
    { "13.6": "0.01" },
    { "13.7": "0.02" },
    { "13.8": "0.02" },
    { "13.9": "0.01" },
    { "14.0": "0.01" },
    { "14.1": "0.01" },
    { "14.2": "0.02" },
    { "14.3": "0.02" },
    { "14.4": "0.02" },
    { "14.5": "0.01" },
    { "14.6": "0.02" },
    { "14.7": "0.02" },
    { "14.8": "0.02" },
    { "14.9": "0.02" },
    { "15.0": "0.01" },
    { "15.1": "0.01" },
    { "15.2": "0.02" },
    { "15.3": "0.03" },
    { "15.4": "0.05" },
    { "15.5": "0.04" },
    { "15.6": "0.05" },
    { "15.7": "0.04" },
    { "15.8": "0.04" },
    { "15.9": "0.04" },
    { "16.0": "0.05" },
    { "16.1": "0.02" },
    { "16.2": "0.04" },
    { "16.3": "0.04" },
    { "16.4": "0.05" },
    { "16.5": "0.13" },
    { "16.6": "0.52" },
    { "16.7": "1.09" },
    { "16.8": "1.61" },
    { "16.9": "2.03" },
    { "17.0": "2.36" },
    { "17.1": "2.65" },
    { "17.2": "3.04" },
    { "17.3": "3.57" },
    { "17.4": "4.17" },
    { "17.5": "4.56" },
    { "17.6": "4.94" },
    { "17.7": "5.64" },
    { "17.8": "6.14" },
    { "17.9": "6.43" },
    { "18.0": "6.47" },
    { "18.1": "6.25" },
    { "18.2": "5.94" },
    { "18.3": "5.61" },
    { "18.4": "5.32" },
    { "18.5": "5.13" },
    { "18.6": "5.11" },
    { "18.7": "5.17" },
    { "18.8": "5.19" },
    { "18.9": "5.22" },
    { "19.0": "5.14" },
    { "19.1": "5.06" },
    { "19.2": "4.92" },
    { "19.3": "4.55" },
    { "19.4": "3.98" },
    { "19.5": "3.73" },
    { "19.6": "2.67" },
    { "19.7": "1.14" },
    { "19.8": "0.56" },
    { "19.9": "0.35" },
    { "20.0": "0.26" },
    { "20.1": "0.19" },
    { "20.2": "0.15" },
    { "20.3": "0.11" },
    { "20.4": "0.06" },
    { "20.5": "0.06" },
    { "20.6": "0.03" },
    { "20.7": "0.02" },
    { "20.8": "0.02" },
    { "20.9": "0.01" },
    { "21.0": "0.0" },
    { "21.1": "0.01" },
    { "21.2": "0.03" },
    { "21.3": "0.02" },
    { "21.4": "0.03" },
    { "21.5": "0.01" },
    { "21.6": "0.01" },
    { "21.7": "0.03" },
    { "21.8": "0.01" },
    { "21.9": "0.02" },
    { "22.0": "0.01" },
    { "22.1": "0.01" },
    { "22.2": "0.01" },
    { "22.3": "0.02" },
    { "22.4": "0.02" },
    { "22.5": "0.01" },
    { "22.6": "0.02" },
    { "22.7": "0.02" },
    { "22.8": "0.02" },
    { "22.9": "0.02" },
    { "23.0": "0.03" },
    { "23.1": "0.03" },
    { "23.2": "0.01" },
    { "23.3": "0.02" },
    { "23.4": "0.01" },
    { "23.5": "0.02" },
    { "23.6": "0.03" },
    { "23.7": "0.02" },
    { "23.8": "0.02" },
    { "23.9": "0.01" },
    { "24.0": "0.03" },
    { "24.1": "0.02" },
    { "24.2": "0.02" },
    { "24.3": "0.01" },
    { "24.4": "0.02" },
    { "24.5": "0.02" },
    { "24.6": "0.04" },
    { "24.7": "0.05" },
    { "24.8": "0.04" },
    { "24.9": "0.08" },
    { "25.0": "0.13" },
    { "25.1": "0.25" },
    { "25.2": "0.41" },
    { "25.3": "0.68" },
    { "25.4": "1.02" },
    { "25.5": "1.41" },
    { "25.6": "1.95" },
    { "25.7": "2.77" },
    { "25.8": "3.49" },
    { "25.9": "4.18" },
    { "26.0": "4.74" },
    { "26.1": "5.42" },
    { "26.2": "5.94" },
    { "26.3": "6.07" },
    { "26.4": "5.93" },
    { "26.5": "5.76" },
    { "26.6": "5.59" },
    { "26.7": "5.59" },
    { "26.8": "5.68" },
    { "26.9": "5.74" },
    { "27.0": "5.78" },
    { "27.1": "5.71" },
    { "27.2": "5.61" },
    { "27.3": "5.32" },
    { "27.4": "4.68" },
    { "27.5": "2.72" },
    { "27.6": "1.87" },
    { "27.7": "0.99" },
    { "27.8": "0.49" },
    { "27.9": "0.26" },
    { "28.0": "0.18" },
    { "28.1": "0.11" },
    { "28.2": "0.1" },
    { "28.3": "0.08" },
    { "28.4": "0.05" },
    { "28.5": "0.04" },
    { "28.6": "0.06" },
    { "28.7": "0.02" },
    { "28.8": "0.0" },
    { "28.9": "0.01" },
    { "29.0": "0.02" },
    { "29.1": "0.02" },
    { "29.2": "0.02" },
    { "29.3": "0.01" },
    { "29.4": "0.02" },
    { "29.5": "0.02" },
    { "29.6": "0.02" },
    { "29.7": "0.01" },
    { "29.8": "0.03" },
    { "29.9": "0.01" },
    { "30.0": "0.02" },
    { "30.1": "0.03" },
    { "30.2": "0.02" },
    { "30.3": "0.01" },
    { "30.4": "0.03" },
    { "30.5": "0.03" },
    { "30.6": "0.02" },
    { "30.7": "0.03" },
    { "30.8": "0.03" },
    { "30.9": "0.02" },
    { "31.0": "0.02" },
    { "31.1": "0.01" },
    { "31.2": "0.03" },
    { "31.3": "0.02" },
    { "31.4": "0.03" },
    { "31.5": "0.04" },
    { "31.6": "0.2" },
    { "31.7": "0.71" },
    { "31.8": "1.49" },
    { "31.9": "2.15" },
    { "32.0": "2.63" },
    { "32.1": "3.2" },
    { "32.2": "3.73" },
    { "32.3": "4.19" },
    { "32.4": "4.68" },
    { "32.5": "5.18" },
    { "32.6": "5.52" },
    { "32.7": "5.72" },
    { "32.8": "5.85" },
    { "32.9": "5.96" },
    { "33.0": "6.04" },
    { "33.1": "6.0" },
    { "33.2": "5.95" },
    { "33.3": "5.96" },
    { "33.4": "6.02" },
    { "33.5": "5.97" },
    { "33.6": "5.79" },
    { "33.7": "5.74" },
    { "33.8": "5.67" },
    { "33.9": "5.54" },
    { "34.0": "5.41" },
    { "34.1": "5.42" },
    { "34.2": "5.36" },
    { "34.3": "5.24" },
    { "34.4": "5.11" },
    { "34.5": "4.92" },
    { "34.6": "4.34" },
    { "34.7": "2.55" },
    { "34.8": "1.67" },
    { "34.9": "1.53" },
    { "35.0": "1.41" },
    { "35.1": "1.06" },
    { "35.2": "0.69" },
    { "35.3": "0.39" },
    { "35.4": "0.21" },
    { "35.5": "0.17" },
    { "35.6": "0.12" },
    { "35.7": "0.11" },
    { "35.8": "0.06" },
    { "35.9": "0.03" },
    { "36.0": "0.01" },
    { "36.1": "0.01" },
    { "36.2": "0.01" },
    { "36.3": "0.02" },
    { "36.4": "0.02" },
    { "36.5": "0.01" },
    { "36.6": "0.01" },
    { "36.7": "0.03" },
    { "36.8": "0.01" },
    { "36.9": "0.02" },
    { "37.0": "0.02" },
    { "37.1": "0.01" },
    { "37.2": "0.01" },
    { "37.3": "0.02" },
    { "37.4": "0.02" },
    { "37.5": "0.0" },
    { "37.6": "0.03" },
    { "37.7": "0.01" },
    { "37.8": "0.02" },
    { "37.9": "0.02" },
    { "38.0": "0.02" },
    { "38.1": "0.03" },
    { "38.2": "0.01" },
    { "38.3": "0.01" },
    { "38.4": "0.01" },
    { "38.5": "0.03" },
    { "38.6": "0.02" },
    { "38.7": "0.01" },
    { "38.8": "0.01" },
    { "38.9": "0.02" },
    { "39.0": "0.04" },
    { "39.1": "0.03" },
    { "39.2": "0.02" },
    { "39.3": "0.02" },
    { "39.4": "0.03" },
    { "39.5": "0.16" },
    { "39.6": "0.67" },
    { "39.7": "1.13" },
    { "39.8": "1.58" },
    { "39.9": "1.97" },
    { "40.0": "2.61" },
    { "40.1": "3.23" },
    { "40.2": "3.84" },
    { "40.3": "4.2" },
    { "40.4": "4.39" },
    { "40.5": "4.8" },
    { "40.6": "5.21" },
    { "40.7": "5.43" },
    { "40.8": "5.74" },
    { "40.9": "5.77" },
    { "41.0": "5.55" },
    { "41.1": "5.25" },
    { "41.2": "5.14" },
    { "41.3": "5.11" },
    { "41.4": "4.96" },
    { "41.5": "4.85" },
    { "41.6": "4.92" },
    { "41.7": "5.0" },
    { "41.8": "5.04" },
    { "41.9": "4.79" },
    { "42.0": "4.37" },
    { "42.1": "3.24" },
    { "42.2": "1.78" },
    { "42.3": "1.61" },
    { "42.4": "1.93" },
    { "42.5": "1.92" },
    { "42.6": "1.42" },
    { "42.7": "0.8" },
    { "42.8": "0.32" },
    { "42.9": "0.15" },
    { "43.0": "0.06" },
    { "43.1": "0.03" }
  ]
}
