{
  "userId": "mitul@gmail.com",
  "painScore": "7.0",
  "timeStamp": { "seconds": "1628880287" , "nanoseconds": "396276000" },
  "isTolerable": "No",
  "isComplate": "true",
  "progressorId": "Progressor_3582",
  "prescription": {
    "sets": "2",
    "reps": "3",
    "setRest": "5",
    "holdTime": "5",
    "restTime": "5",
    "targetLoad": "5.0",
    "mvcDuration": "5",
    "isAdmin": "null"
  },
  "exportData": [
    { "0.1": "0.27" },
    { "0.2": "0.36" },
    { "0.3": "0.51" },
    { "0.4": "0.77" },
    { "0.5": "1.08" },
    { "0.6": "1.43" },
    { "0.7": "1.67" },
    { "0.8": "1.91" },
    { "0.9": "2.23" },
    { "1.0": "2.57" },
    { "1.1": "2.92" },
    { "1.2": "3.24" },
    { "1.3": "3.4" },
    { "1.4": "3.61" },
    { "1.5": "4.22" },
    { "1.6": "4.49" },
    { "1.7": "4.53" },
    { "1.8": "5.14" },
    { "1.9": "5.96" },
    { "2.0": "6.72" },
    { "2.1": "7.04" },
    { "2.2": "6.84" },
    { "2.3": "6.66" },
    { "2.4": "6.41" },
    { "2.5": "6.3" },
    { "2.6": "6.22" },
    { "2.7": "6.4" },
    { "2.8": "6.53" },
    { "2.9": "6.39" },
    { "3.0": "6.27" },
    { "3.1": "6.1" },
    { "3.2": "5.79" },
    { "3.3": "5.69" },
    { "3.4": "5.56" },
    { "3.5": "5.52" },
    { "3.6": "5.44" },
    { "3.7": "5.37" },
    { "3.8": "5.41" },
    { "3.9": "5.3" },
    { "4.0": "5.18" },
    { "4.1": "5.21" },
    { "4.2": "5.07" },
    { "4.3": "4.96" },
    { "4.4": "5.1" },
    { "4.5": "5.22" },
    { "4.6": "5.16" },
    { "4.7": "4.78" },
    { "4.8": "3.04" },
    { "4.9": "2.37" },
    { "5.0": "1.84" },
    { "5.1": "1.48" },
    { "5.2": "1.19" },
    { "5.3": "0.86" },
    { "5.4": "0.62" },
    { "5.5": "0.53" },
    { "5.6": "0.36" },
    { "5.7": "0.24" },
    { "5.8": "0.14" },
    { "5.9": "0.09" },
    { "6.0": "0.05" },
    { "6.1": "0.04" },
    { "6.2": "0.04" },
    { "6.3": "0.01" },
    { "6.4": "0.02" },
    { "6.5": "0.02" },
    { "6.6": "0.03" },
    { "6.7": "0.03" },
    { "6.8": "0.03" },
    { "6.9": "0.01" },
    { "7.0": "0.02" },
    { "7.1": "0.02" },
    { "7.2": "0.02" },
    { "7.3": "0.01" },
    { "7.4": "0.03" },
    { "7.5": "0.01" },
    { "7.6": "0.04" },
    { "7.7": "0.02" },
    { "7.8": "0.01" },
    { "7.9": "0.02" },
    { "8.0": "0.02" },
    { "8.1": "0.02" },
    { "8.2": "0.02" },
    { "8.3": "0.02" },
    { "8.4": "0.0" },
    { "8.5": "0.02" },
    { "8.6": "0.02" },
    { "8.7": "0.03" },
    { "8.8": "0.01" },
    { "8.9": "0.02" },
    { "9.0": "0.03" },
    { "9.1": "0.03" },
    { "9.2": "0.02" },
    { "9.3": "0.01" },
    { "9.4": "0.02" },
    { "9.5": "0.02" },
    { "9.6": "0.02" },
    { "9.7": "0.03" },
    { "9.8": "0.02" },
    { "9.9": "0.03" },
    { "10.0": "0.03" },
    { "10.1": "0.02" },
    { "10.2": "0.03" },
    { "10.3": "0.03" },
    { "10.4": "0.03" },
    { "10.5": "0.03" },
    { "10.6": "0.01" },
    { "10.7": "0.02" },
    { "10.8": "0.03" },
    { "10.9": "0.01" },
    { "11.0": "0.02" },
    { "11.1": "0.03" },
    { "11.2": "0.03" },
    { "11.3": "0.03" },
    { "11.4": "0.03" },
    { "11.5": "0.03" },
    { "11.6": "0.04" },
    { "11.7": "0.05" },
    { "11.8": "0.03" },
    { "11.9": "0.03" },
    { "12.0": "0.03" },
    { "12.1": "0.02" },
    { "12.2": "0.03" },
    { "12.3": "0.02" },
    { "12.4": "0.03" },
    { "12.5": "0.17" },
    { "12.6": "0.6" },
    { "12.7": "1.19" },
    { "12.8": "1.83" },
    { "12.9": "2.32" },
    { "13.0": "2.84" },
    { "13.1": "3.56" },
    { "13.2": "4.42" },
    { "13.3": "5.25" },
    { "13.4": "6.11" },
    { "13.5": "7.09" },
    { "13.6": "7.55" },
    { "13.7": "7.58" },
    { "13.8": "7.43" },
    { "13.9": "7.18" },
    { "14.0": "6.86" },
    { "14.1": "6.54" },
    { "14.2": "6.24" },
    { "14.3": "6.05" },
    { "14.4": "5.97" },
    { "14.5": "5.98" },
    { "14.6": "5.86" },
    { "14.7": "5.84" },
    { "14.8": "5.85" },
    { "14.9": "5.75" },
    { "15.0": "5.73" },
    { "15.1": "5.84" },
    { "15.2": "5.85" },
    { "15.3": "5.81" },
    { "15.4": "5.73" },
    { "15.5": "5.73" },
    { "15.6": "5.77" },
    { "15.7": "5.8" },
    { "15.8": "5.65" },
    { "15.9": "5.65" },
    { "16.0": "5.63" },
    { "16.1": "5.59" },
    { "16.2": "5.5" },
    { "16.3": "5.47" },
    { "16.4": "5.46" },
    { "16.5": "5.51" },
    { "16.6": "5.46" },
    { "16.7": "5.48" },
    { "16.8": "5.4" },
    { "16.9": "5.41" },
    { "17.0": "5.33" },
    { "17.1": "5.32" },
    { "17.2": "5.26" },
    { "17.3": "5.22" },
    { "17.4": "5.26" },
    { "17.5": "4.98" },
    { "17.6": "4.79" },
    { "17.7": "4.91" },
    { "17.8": "5.0" },
    { "17.9": "4.91" },
    { "18.0": "4.9" },
    { "18.1": "4.94" },
    { "18.2": "5.09" },
    { "18.3": "4.92" },
    { "18.4": "4.71" },
    { "18.5": "2.78" },
    { "18.6": "0.7" },
    { "18.7": "0.18" },
    { "18.8": "0.09" },
    { "18.9": "0.06" },
    { "19.0": "0.05" },
    { "19.1": "0.04" },
    { "19.2": "0.02" },
    { "19.3": "0.03" },
    { "19.4": "0.03" },
    { "19.5": "0.02" },
    { "19.6": "0.04" },
    { "19.7": "0.04" },
    { "19.8": "0.05" },
    { "19.9": "0.04" },
    { "20.0": "0.03" },
    { "20.1": "0.03" },
    { "20.2": "0.03" },
    { "20.3": "0.03" },
    { "20.4": "0.03" },
    { "20.5": "0.04" },
    { "20.6": "0.03" },
    { "20.7": "0.04" },
    { "20.8": "0.04" },
    { "20.9": "0.02" },
    { "21.0": "0.05" },
    { "21.1": "0.03" },
    { "21.2": "0.04" },
    { "21.3": "0.03" },
    { "21.4": "0.03" },
    { "21.5": "0.04" },
    { "21.6": "0.03" },
    { "21.7": "0.04" },
    { "21.8": "0.03" },
    { "21.9": "0.03" },
    { "22.0": "0.04" },
    { "22.1": "0.04" },
    { "22.2": "0.03" },
    { "22.3": "0.03" },
    { "22.4": "0.03" },
    { "22.5": "0.03" },
    { "22.6": "0.03" },
    { "22.7": "0.03" },
    { "22.8": "0.03" },
    { "22.9": "0.03" },
    { "23.0": "0.03" },
    { "23.1": "0.03" },
    { "23.2": "0.04" },
    { "23.3": "0.03" },
    { "23.4": "0.05" },
    { "23.5": "0.04" },
    { "23.6": "0.05" },
    { "23.7": "0.03" },
    { "23.8": "0.05" },
    { "23.9": "0.03" },
    { "24.0": "0.04" },
    { "24.1": "0.05" },
    { "24.2": "0.05" },
    { "24.3": "0.06" },
    { "24.4": "0.04" },
    { "24.5": "0.06" },
    { "24.6": "0.14" },
    { "24.7": "0.41" },
    { "24.8": "0.92" },
    { "24.9": "1.46" },
    { "25.0": "1.94" },
    { "25.1": "2.51" },
    { "25.2": "3.29" },
    { "25.3": "4.12" },
    { "25.4": "4.88" },
    { "25.5": "5.45" },
    { "25.6": "5.6" },
    { "25.7": "5.68" },
    { "25.8": "5.72" },
    { "25.9": "5.57" },
    { "26.0": "5.35" },
    { "26.1": "5.16" },
    { "26.2": "5.19" },
    { "26.3": "5.16" },
    { "26.4": "5.07" },
    { "26.5": "5.13" },
    { "26.6": "5.0" },
    { "26.7": "5.02" },
    { "26.8": "5.04" },
    { "26.9": "5.11" },
    { "27.0": "5.27" },
    { "27.1": "5.37" },
    { "27.2": "5.37" },
    { "27.3": "5.47" },
    { "27.4": "5.44" },
    { "27.5": "5.32" },
    { "27.6": "5.3" },
    { "27.7": "5.23" },
    { "27.8": "5.15" },
    { "27.9": "5.17" },
    { "28.0": "5.28" },
    { "28.1": "5.23" },
    { "28.2": "5.26" },
    { "28.3": "5.32" },
    { "28.4": "5.31" },
    { "28.5": "5.33" },
    { "28.6": "5.23" },
    { "28.7": "5.21" },
    { "28.8": "5.23" },
    { "28.9": "5.19" },
    { "29.0": "5.14" },
    { "29.1": "5.3" },
    { "29.2": "5.27" },
    { "29.3": "5.12" },
    { "29.4": "5.03" },
    { "29.5": "4.93" },
    { "29.6": "4.92" },
    { "29.7": "4.93" },
    { "29.8": "4.92" },
    { "29.9": "4.81" },
    { "30.0": "4.66" },
    { "30.1": "4.68" },
    { "30.2": "4.83" },
    { "30.3": "4.98" },
    { "30.4": "5.19" },
    { "30.5": "5.23" },
    { "30.6": "4.12" },
    { "30.7": "1.51" },
    { "30.8": "0.39" },
    { "30.9": "0.16" },
    { "31.0": "0.07" },
    { "31.1": "0.03" },
    { "31.2": "0.03" },
    { "31.3": "0.03" },
    { "31.4": "0.03" },
    { "31.5": "0.04" },
    { "31.6": "0.04" },
    { "31.7": "0.04" },
    { "31.8": "0.05" },
    { "31.9": "0.05" },
    { "32.0": "0.04" },
    { "32.1": "0.05" },
    { "32.2": "0.04" },
    { "32.3": "0.04" },
    { "32.4": "0.04" },
    { "32.5": "0.04" },
    { "32.6": "0.04" },
    { "32.7": "0.04" },
    { "32.8": "0.04" },
    { "32.9": "0.04" },
    { "33.0": "0.04" },
    { "33.1": "0.03" },
    { "33.2": "0.04" },
    { "33.3": "0.04" },
    { "33.4": "0.05" },
    { "33.5": "0.05" },
    { "33.6": "0.03" },
    { "33.7": "0.04" },
    { "33.8": "0.04" },
    { "33.9": "0.04" },
    { "34.0": "0.04" },
    { "34.1": "0.03" },
    { "34.2": "0.03" },
    { "34.3": "0.04" },
    { "34.4": "0.04" },
    { "34.5": "0.05" },
    { "34.6": "0.05" },
    { "34.7": "0.04" },
    { "34.8": "0.04" },
    { "34.9": "0.04" },
    { "35.0": "0.04" },
    { "35.1": "0.04" },
    { "35.2": "0.04" },
    { "35.3": "0.04" },
    { "35.4": "0.05" },
    { "35.5": "0.04" },
    { "35.6": "0.04" },
    { "35.7": "0.03" },
    { "35.8": "0.06" },
    { "35.9": "0.04" },
    { "36.0": "0.05" },
    { "36.1": "0.04" },
    { "36.2": "0.05" },
    { "36.3": "0.05" },
    { "36.4": "0.06" },
    { "36.5": "0.05" },
    { "36.6": "0.07" },
    { "36.7": "0.08" },
    { "36.8": "0.13" },
    { "36.9": "0.28" },
    { "37.0": "0.51" },
    { "37.1": "0.81" },
    { "37.2": "1.17" },
    { "37.3": "1.65" },
    { "37.4": "2.27" },
    { "37.5": "2.7" },
    { "37.6": "3.02" },
    { "37.7": "3.29" },
    { "37.8": "3.65" },
    { "37.9": "4.21" },
    { "38.0": "4.82" },
    { "38.1": "5.21" },
    { "38.2": "5.23" },
    { "38.3": "5.34" },
    { "38.4": "5.34" },
    { "38.5": "5.25" },
    { "38.6": "4.95" },
    { "38.7": "4.82" },
    { "38.8": "4.82" },
    { "38.9": "4.77" },
    { "39.0": "4.55" },
    { "39.1": "4.73" },
    { "39.2": "4.98" },
    { "39.3": "4.94" },
    { "39.4": "5.08" },
    { "39.5": "5.05" },
    { "39.6": "5.26" },
    { "39.7": "5.26" },
    { "39.8": "5.26" },
    { "39.9": "5.23" },
    { "40.0": "5.53" },
    { "40.1": "5.74" },
    { "40.2": "5.56" },
    { "40.3": "5.39" },
    { "40.4": "5.29" },
    { "40.5": "5.06" },
    { "40.6": "4.99" },
    { "40.7": "4.93" },
    { "40.8": "5.06" },
    { "40.9": "5.05" },
    { "41.0": "4.97" },
    { "41.1": "3.56" },
    { "41.2": "1.57" },
    { "41.3": "1.09" },
    { "41.4": "0.63" },
    { "41.5": "0.47" },
    { "41.6": "0.27" },
    { "41.7": "0.15" },
    { "41.8": "0.11" },
    { "41.9": "0.07" },
    { "42.0": "0.05" },
    { "42.1": "0.04" },
    { "42.2": "0.02" },
    { "42.3": "0.03" },
    { "42.4": "0.04" },
    { "42.5": "0.04" },
    { "42.6": "0.03" },
    { "42.7": "0.04" },
    { "42.8": "0.04" },
    { "42.9": "0.05" },
    { "43.0": "0.05" },
    { "43.1": "0.05" },
    { "43.2": "0.03" },
    { "43.3": "0.05" },
    { "43.4": "0.04" },
    { "43.5": "0.04" },
    { "43.6": "0.05" },
    { "43.7": "0.06" },
    { "43.8": "0.04" },
    { "43.9": "0.04" },
    { "44.0": "0.05" },
    { "44.1": "0.04" },
    { "44.2": "0.04" },
    { "44.3": "0.04" },
    { "44.4": "0.05" },
    { "44.5": "0.04" },
    { "44.6": "0.05" },
    { "44.7": "0.03" },
    { "44.8": "0.03" },
    { "44.9": "0.04" },
    { "45.0": "0.04" },
    { "45.1": "0.04" },
    { "45.2": "0.04" },
    { "45.3": "0.05" },
    { "45.4": "0.05" },
    { "45.5": "0.06" },
    { "45.6": "0.05" },
    { "45.7": "0.06" },
    { "45.8": "0.06" },
    { "45.9": "0.07" },
    { "46.0": "0.05" },
    { "46.1": "0.06" },
    { "46.2": "0.06" },
    { "46.3": "0.06" },
    { "46.4": "0.07" },
    { "46.5": "0.08" },
    { "46.6": "0.1" },
    { "46.7": "0.06" },
    { "46.8": "0.08" },
    { "46.9": "0.09" },
    { "47.0": "0.1" },
    { "47.1": "0.11" },
    { "47.2": "0.11" },
    { "47.3": "0.13" },
    { "47.4": "0.16" },
    { "47.5": "0.23" },
    { "47.6": "0.69" },
    { "47.7": "1.1" },
    { "47.8": "1.6" },
    { "47.9": "1.96" },
    { "48.0": "2.31" },
    { "48.1": "2.87" },
    { "48.2": "3.44" },
    { "48.3": "3.87" },
    { "48.4": "4.36" },
    { "48.5": "4.74" },
    { "48.6": "4.87" },
    { "48.7": "4.84" },
    { "48.8": "5.1" },
    { "48.9": "5.27" },
    { "49.0": "5.62" },
    { "49.1": "5.53" },
    { "49.2": "5.34" },
    { "49.3": "5.3" },
    { "49.4": "5.26" },
    { "49.5": "5.38" },
    { "49.6": "5.49" },
    { "49.7": "5.34" },
    { "49.8": "5.36" },
    { "49.9": "5.37" },
    { "50.0": "5.3" },
    { "50.1": "5.21" },
    { "50.2": "5.08" },
    { "50.3": "4.98" },
    { "50.4": "4.91" },
    { "50.5": "4.96" },
    { "50.6": "5.04" },
    { "50.7": "5.13" },
    { "50.8": "5.28" },
    { "50.9": "5.66" },
    { "51.0": "5.76" },
    { "51.1": "5.82" },
    { "51.2": "5.5" },
    { "51.3": "5.01" },
    { "51.4": "3.97" },
    { "51.5": "3.43" },
    { "51.6": "2.93" },
    { "51.7": "2.47" },
    { "51.8": "2.15" },
    { "51.9": "1.58" },
    { "52.0": "0.87" },
    { "52.1": "0.38" },
    { "52.2": "0.16" },
    { "52.3": "0.12" },
    { "52.4": "0.08" },
    { "52.5": "0.06" },
    { "52.6": "0.02" },
    { "52.7": "0.04" },
    { "52.8": "0.05" },
    { "52.9": "0.04" },
    { "53.0": "0.06" },
    { "53.1": "0.03" },
    { "53.2": "0.05" },
    { "53.3": "0.04" },
    { "53.4": "0.05" },
    { "53.5": "0.05" },
    { "53.6": "0.05" },
    { "53.7": "0.04" },
    { "53.8": "0.06" },
    { "53.9": "0.03" },
    { "54.0": "0.05" },
    { "54.1": "0.05" },
    { "54.2": "0.04" },
    { "54.3": "0.05" },
    { "54.4": "0.04" },
    { "54.5": "0.03" },
    { "54.6": "0.04" },
    { "54.7": "0.05" },
    { "54.8": "0.04" },
    { "54.9": "0.06" },
    { "55.0": "0.04" },
    { "55.1": "0.04" },
    { "55.2": "0.04" },
    { "55.3": "0.05" },
    { "55.4": "0.04" },
    { "55.5": "0.05" },
    { "55.6": "0.04" },
    { "55.7": "0.05" },
    { "55.8": "0.04" },
    { "55.9": "0.05" },
    { "56.0": "0.04" },
    { "56.1": "0.05" },
    { "56.2": "0.04" },
    { "56.3": "0.05" },
    { "56.4": "0.05" },
    { "56.5": "0.05" },
    { "56.6": "0.05" },
    { "56.7": "0.04" },
    { "56.8": "0.05" },
    { "56.9": "0.05" },
    { "57.0": "0.04" },
    { "57.1": "0.04" },
    { "57.2": "0.04" },
    { "57.3": "0.04" },
    { "57.4": "0.05" },
    { "57.5": "0.04" },
    { "57.6": "0.04" },
    { "57.7": "0.06" },
    { "57.8": "0.05" },
    { "57.9": "0.03" },
    { "58.0": "0.05" },
    { "58.1": "0.04" },
    { "58.2": "0.05" },
    { "58.3": "0.05" },
    { "58.4": "0.05" },
    { "58.5": "0.05" },
    { "58.6": "0.06" },
    { "58.7": "0.05" },
    { "58.8": "0.05" },
    { "58.9": "0.05" },
    { "59.0": "0.04" },
    { "59.1": "0.05" },
    { "59.2": "0.06" },
    { "59.3": "0.07" },
    { "59.4": "0.07" },
    { "59.5": "0.15" },
    { "59.6": "0.53" },
    { "59.7": "1.02" },
    { "59.8": "1.31" },
    { "59.9": "1.77" },
    { "60.0": "2.21" },
    { "60.1": "2.5" },
    { "60.2": "2.84" },
    { "60.3": "3.25" },
    { "60.4": "3.91" },
    { "60.5": "4.6" },
    { "60.6": "5.56" },
    { "60.7": "6.2" },
    { "60.8": "6.44" },
    { "60.9": "6.75" },
    { "61.0": "6.66" },
    { "61.1": "6.44" },
    { "61.2": "6.18" },
    { "61.3": "6.1" },
    { "61.4": "6.09" },
    { "61.5": "6.07" },
    { "61.6": "5.96" },
    { "61.7": "5.89" },
    { "61.8": "5.9" },
    { "61.9": "5.82" },
    { "62.0": "5.49" },
    { "62.1": "5.24" },
    { "62.2": "5.23" },
    { "62.3": "5.2" },
    { "62.4": "5.18" },
    { "62.5": "5.01" },
    { "62.6": "5.01" },
    { "62.7": "4.96" },
    { "62.8": "5.15" },
    { "62.9": "5.11" },
    { "63.0": "4.85" },
    { "63.1": "4.8" },
    { "63.2": "4.77" },
    { "63.3": "4.65" },
    { "63.4": "4.7" },
    { "63.5": "4.99" },
    { "63.6": "5.07" },
    { "63.7": "4.96" },
    { "63.8": "4.57" },
    { "63.9": "3.6" },
    { "64.0": "2.87" },
    { "64.1": "2.15" },
    { "64.2": "1.41" },
    { "64.3": "0.77" },
    { "64.4": "0.58" },
    { "64.5": "0.48" },
    { "64.6": "0.3" },
    { "64.7": "0.17" },
    { "64.8": "0.09" },
    { "64.9": "0.07" },
    { "65.0": "0.05" },
    { "65.1": "0.05" },
    { "65.2": "0.05" }
  ]
}
