{
  "userId": "mitul@gmail.com",
  "painScore": "0.0",
  "timeStamp": { "seconds": "1630415757" , "nanoseconds": "594398000" },
  "isTolerable": "No pain",
  "isComplate": "true",
  "progressorId": "Progressor_3582",
  "mvcValue": "11.15",
  "exportData": [
    { "0.1": "0.09" },
    { "0.2": "0.15" },
    { "0.3": "0.17" },
    { "0.4": "0.19" },
    { "0.5": "0.29" },
    { "0.6": "0.37" },
    { "0.7": "0.4" },
    { "0.8": "0.36" },
    { "0.9": "0.38" },
    { "1.0": "0.37" },
    { "1.1": "0.43" },
    { "1.2": "0.46" },
    { "1.3": "1.02" },
    { "1.4": "1.48" },
    { "1.5": "2.38" },
    { "1.6": "3.22" },
    { "1.7": "3.95" },
    { "1.8": "4.39" },
    { "1.9": "4.32" },
    { "2.0": "4.09" },
    { "2.1": "3.96" },
    { "2.2": "4.79" },
    { "2.3": "5.92" },
    { "2.4": "7.14" },
    { "2.5": "6.9" },
    { "2.6": "2.37" },
    { "2.7": "0.49" },
    { "2.8": "0.14" },
    { "2.9": "0.12" },
    { "3.0": "0.12" },
    { "3.1": "0.03" },
    { "3.2": "0.02" },
    { "3.3": "0.16" },
    { "3.4": "0.71" },
    { "3.5": "2.44" },
    { "3.6": "4.51" },
    { "3.7": "6.02" },
    { "3.8": "6.8" },
    { "3.9": "7.69" },
    { "4.0": "8.49" },
    { "4.1": "9.67" },
    { "4.2": "10.64" },
    { "4.3": "11.15" },
    { "4.4": "10.49" },
    { "4.5": "3.68" },
    { "4.6": "0.51" },
    { "4.7": "0.2" },
    { "4.8": "0.04" },
    { "4.9": "0.07" },
    { "5.0": "0.17" },
    { "5.1": "1.17" },
    { "5.2": "2.83" }
  ]
}
