{
  "userId": "mitul@gmail.com",
  "painScore": "0.0",
  "timeStamp": { "seconds": "1630415777" , "nanoseconds": "898745000" },
  "isTolerable": "No",
  "isComplate": "true",
  "progressorId": "Progressor_3582",
  "mvcValue": "7.05",
  "exportData": [
    { "0.1": "0.03" },
    { "0.2": "0.04" },
    { "0.3": "0.03" },
    { "0.4": "0.05" },
    { "0.5": "0.07" },
    { "0.6": "0.15" },
    { "0.7": "0.43" },
    { "0.8": "0.79" },
    { "0.9": "1.45" },
    { "1.0": "2.16" },
    { "1.1": "2.93" },
    { "1.2": "3.71" },
    { "1.3": "4.34" },
    { "1.4": "5.04" },
    { "1.5": "5.97" },
    { "1.6": "6.8" },
    { "1.7": "7.05" },
    { "1.8": "6.83" },
    { "1.9": "4.23" },
    { "2.0": "0.98" },
    { "2.1": "0.33" },
    { "2.2": "0.28" },
    { "2.3": "0.55" },
    { "2.4": "1.56" },
    { "2.5": "2.81" },
    { "2.6": "4.18" },
    { "2.7": "5.21" },
    { "2.8": "5.98" },
    { "2.9": "6.02" },
    { "3.0": "4.42" },
    { "3.1": "1.69" },
    { "3.2": "0.97" },
    { "3.3": "1.08" },
    { "3.4": "1.69" },
    { "3.5": "2.84" },
    { "3.6": "3.17" },
    { "3.7": "2.94" },
    { "3.8": "2.33" },
    { "3.9": "1.89" },
    { "4.0": "1.61" },
    { "4.1": "1.46" },
    { "4.2": "1.5" },
    { "4.3": "1.59" },
    { "4.4": "1.52" },
    { "4.5": "1.47" },
    { "4.6": "1.58" },
    { "4.7": "1.78" },
    { "4.8": "1.81" },
    { "4.9": "1.87" },
    { "5.0": "2.15" },
    { "5.1": "3.16" },
    { "5.2": "4.89" }
  ]
}
