{"kind":"identitytoolkit#DownloadAccountResponse","users":[{"localId":"Cow98GTZizI1DfedcD2AHTy2kDib","createdAt":"1683749768331","lastLoginAt":"1683753336459","displayName":"","photoUrl":"","passwordHash":"fakeHash:salt=fakeSaltN30VTCo9Q00ewgJSjlWy:password=123456","salt":"fakeSaltN30VTCo9Q00ewgJSjlWy","passwordUpdatedAt":1686502872481,"providerUserInfo":[{"providerId":"password","email":"alexscott@tendonloader.com","federatedId":"alexscott@tendonloader.com","rawId":"alexscott@tendonloader.com","displayName":"","photoUrl":""}],"validSince":"1686502872","email":"alexscott@tendonloader.com","emailVerified":false,"disabled":false},{"localId":"ICT8m2vfgPIwjxqLalxK7rNnd8NL","createdAt":"1623349165645","lastLoginAt":"1623349165643","displayName":"","photoUrl":"","passwordHash":"fakeHash:salt=fakeSaltoNVe9Wh34wM6DDfLnacI:password=123456","salt":"fakeSaltoNVe9Wh34wM6DDfLnacI","passwordUpdatedAt":1686502872481,"providerUserInfo":[{"providerId":"password","email":"xuser@emu.com","federatedId":"xuser@emu.com","rawId":"xuser@emu.com","displayName":"","photoUrl":""}],"validSince":"1686502872","email":"xuser@emu.com","emailVerified":false,"disabled":false},{"localId":"XDxGYtMcIAhDqJyBspC6iV2vNve9","createdAt":"1623347494631","lastLoginAt":"1686503012663","displayName":"","photoUrl":"","passwordHash":"fakeHash:salt=fakeSalt6dAIedclwweSwoTBsbaq:password=123456","salt":"fakeSalt6dAIedclwweSwoTBsbaq","passwordUpdatedAt":1686502872481,"providerUserInfo":[{"providerId":"password","email":"mitul@gmail.com","federatedId":"mitul@gmail.com","rawId":"mitul@gmail.com","displayName":"","photoUrl":""}],"validSince":"1686502872","email":"mitul@gmail.com","emailVerified":false,"disabled":false,"lastRefreshAt":"2023-06-11T17:03:32.663Z"},{"localId":"poTmkqZUnpYPnEboQK3N4QO3aBKu","createdAt":"1629923614089","lastLoginAt":"1629923614089","passwordHash":"fakeHash:salt=fakeSalt7h9Xragv6GaAKAnnOBbZ:password=123456","salt":"fakeSalt7h9Xragv6GaAKAnnOBbZ","passwordUpdatedAt":1686502872481,"providerUserInfo":[{"providerId":"password","email":"user@emu.com","federatedId":"user@emu.com","rawId":"user@emu.com"}],"validSince":"1686502872","email":"user@emu.com","emailVerified":false,"disabled":false},{"localId":"ytgltEPK4TGFBz0jnNl8xsiEOprr","createdAt":"1629923551822","lastLoginAt":"1629923551822","passwordHash":"fakeHash:salt=fakeSaltgvoCHSSXUSak8M83Jxuf:password=123456","salt":"fakeSaltgvoCHSSXUSak8M83Jxuf","passwordUpdatedAt":1686502872481,"providerUserInfo":[{"providerId":"password","email":"admin@emu.com","federatedId":"admin@emu.com","rawId":"admin@emu.com"}],"validSince":"1686502872","email":"admin@emu.com","emailVerified":false,"disabled":false}]}